Id,MSZoning,LotArea,OverallQual,OverallCond,YearBuilt,ExterQual,TotalBsmtSF,GrLivArea,SalePrice,BedroomAbvGr,FullBath,HalfBath,Fireplaces,GarageCars,GarageArea,PoolArea
1,RL,8450,7,5,2003,Gd,856,1710,208500,2,1,1,0,3,127,1
2,RL,9600,6,8,1976,TA,1262,1262,181500,4,3,1,1,1,179,0
3,RL,11250,7,5,2001,Gd,920,1786,223500,3,3,0,0,3,382,1
4,RL,9550,7,5,1915,TA,756,1717,140000,1,3,1,0,1,490,0
5,RL,14260,8,5,2000,Gd,1145,2198,250000,4,1,1,0,1,487,1
6,RL,14115,5,5,1993,TA,796,1362,143000,3,2,1,0,3,264,0
7,RL,10084,8,5,2004,Gd,1686,1694,307000,3,1,0,1,1,359,1
8,RL,10382,7,6,1973,TA,1107,2090,200000,5,1,0,0,2,151,1
9,RM,6120,7,5,1931,TA,952,1774,129900,3,2,1,1,2,147,0
10,RL,7420,5,6,1939,TA,991,1077,118000,1,1,1,1,2,168,0
11,RL,11200,5,5,1965,TA,1040,1040,129500,2,1,0,0,2,468,0
12,RL,11924,9,5,2005,Ex,1175,2324,345000,4,3,0,1,1,392,0
13,RL,12968,5,6,1962,TA,912,912,144000,2,1,0,1,3,377,0
14,RL,10652,7,5,2006,Gd,1494,1494,279500,3,3,1,0,1,475,1
15,RL,10920,6,5,1960,TA,1253,1253,157000,5,3,0,0,2,365,1
16,RM,6120,7,8,1929,TA,832,854,132000,5,1,1,1,3,420,1
17,RL,11241,6,7,1970,TA,1004,1004,149000,2,3,0,1,1,350,0
18,RL,10791,4,5,1967,TA,0,1296,90000,1,2,0,1,1,115,1
19,RL,13695,5,5,2004,TA,1114,1114,159000,1,3,1,1,2,358,1
20,RL,7560,5,6,1958,TA,1029,1339,139000,3,1,1,1,3,107,1
21,RL,14215,8,5,2005,Gd,1158,2376,325300,2,1,0,1,2,295,1
22,RM,7449,7,7,1930,TA,637,1108,139400,3,3,1,1,1,335,0
23,RL,9742,8,5,2002,Gd,1777,1795,230000,3,1,0,1,2,214,0
24,RM,4224,5,7,1976,TA,1040,1060,129900,5,3,0,0,1,159,1
25,RL,8246,5,8,1968,TA,1060,1060,154000,1,1,1,1,1,457,1
26,RL,14230,8,5,2007,Gd,1566,1600,256300,4,1,1,0,3,449,0
27,RL,7200,5,7,1951,TA,900,900,134800,1,2,1,0,1,117,1
28,RL,11478,8,5,2007,Gd,1704,1704,306000,3,1,1,1,3,114,0
29,RL,16321,5,6,1957,TA,1484,1600,207500,1,2,0,1,3,321,0
30,RM,6324,4,6,1927,TA,520,520,68500,3,3,0,1,1,407,0
31,C (all),8500,4,4,1920,TA,649,1317,40000,1,1,1,1,3,196,1
32,RL,8544,5,6,1966,TA,1228,1228,149350,5,2,0,1,3,362,0
33,RL,11049,8,5,2007,Gd,1234,1234,179900,1,3,0,0,1,441,0
34,RL,10552,5,5,1959,TA,1398,1700,165500,1,3,0,0,3,230,1
35,RL,7313,9,5,2005,Ex,1561,1561,277500,2,3,0,1,2,250,1
36,RL,13418,8,5,2004,Gd,1117,2452,309000,5,3,0,0,3,116,1
37,RL,10859,5,5,1994,TA,1097,1097,145000,1,2,0,0,3,221,1
38,RL,8532,5,6,1954,TA,1297,1297,153000,2,1,1,1,1,201,0
39,RL,7922,5,7,1953,TA,1057,1057,109000,3,1,0,1,2,117,0
40,RL,6040,4,5,1955,TA,0,1152,82000,1,1,0,0,2,182,0
41,RL,8658,6,5,1965,TA,1088,1324,160000,4,3,1,1,1,293,0
42,RL,16905,5,6,1959,TA,1350,1328,170000,2,1,0,1,1,340,1
43,RL,9180,5,7,1983,TA,840,884,144000,3,3,1,0,3,218,1
44,RL,9200,5,6,1975,TA,938,938,130250,3,3,1,1,3,432,1
45,RL,7945,5,6,1959,TA,1150,1150,141000,2,1,0,0,3,278,1
46,RL,7658,9,5,2005,Ex,1752,1752,319900,4,2,1,1,2,326,1
47,RL,12822,7,5,2003,Gd,1434,2149,239686,4,1,0,0,1,278,1
48,FV,11096,8,5,2006,Gd,1656,1656,249700,2,3,1,0,2,386,1
49,RM,4456,4,5,1920,TA,736,1452,113000,5,3,0,1,3,143,1
50,RL,7742,5,7,1966,TA,955,955,127000,3,1,1,0,3,457,0
51,RL,13869,6,6,1997,TA,794,1470,177000,3,1,1,1,2,187,1
52,RM,6240,6,6,1934,TA,816,1176,114500,5,3,0,1,2,104,0
53,RM,8472,5,5,1963,Fa,816,816,110000,5,1,1,1,1,304,0
54,RL,50271,9,5,1981,Gd,1842,1842,385000,3,2,0,1,1,203,1
55,RL,7134,5,5,1955,TA,384,1360,130000,1,3,0,0,2,482,0
56,RL,10175,6,5,1964,TA,1425,1425,180500,3,2,0,1,1,156,0
57,FV,2645,8,5,1999,Gd,970,1739,172500,3,3,0,1,2,213,0
58,RL,11645,7,5,2004,Gd,860,1720,196500,1,3,1,1,2,499,1
59,RL,13682,10,5,2006,Ex,1410,2945,438780,3,1,0,1,3,113,1
60,RL,7200,5,7,1972,TA,780,780,124900,5,3,1,1,1,214,0
61,RL,13072,6,5,2004,TA,1158,1158,158000,3,2,1,1,2,119,1
62,RM,7200,5,7,1920,TA,530,1111,101000,5,2,0,0,3,327,0
63,RL,6442,8,5,2006,Gd,1370,1370,202500,2,2,0,0,2,436,0
64,RM,10300,7,6,1921,TA,576,1710,140000,3,3,1,0,3,474,0
65,RL,9375,7,5,1997,TA,1057,2034,219500,1,1,1,1,1,216,0
66,RL,9591,8,5,2004,Gd,1143,2473,317000,1,2,0,0,2,175,1
67,RL,19900,7,5,1970,TA,1947,2207,180000,5,3,0,0,1,248,1
68,RL,10665,7,5,2003,Gd,1453,1479,226000,4,2,0,0,2,181,0
69,RM,4608,4,6,1945,TA,747,747,80000,5,2,1,1,1,490,0
70,RL,15593,7,4,1953,Gd,1304,2287,225000,4,2,1,0,3,479,1
71,RL,13651,7,6,1973,TA,2223,2223,244000,2,3,1,1,2,169,0
72,RL,7599,4,6,1982,TA,845,845,129500,5,1,1,1,3,411,1
73,RL,10141,7,5,1998,TA,832,1718,185000,1,3,1,1,3,443,0
74,RL,10200,5,7,1954,TA,1086,1086,144900,2,2,1,1,3,295,0
75,RM,5790,3,6,1915,Gd,840,1605,107400,2,1,1,0,3,317,0
76,RM,1596,4,5,1973,TA,462,988,91000,3,3,0,0,2,428,1
77,RL,8475,4,7,1956,TA,952,952,135750,3,1,1,0,2,170,0
78,RM,8635,5,5,1948,TA,672,1285,127000,2,1,1,0,2,392,0
79,RL,10778,4,5,1968,TA,1768,1768,136500,1,3,0,1,2,420,1
80,RM,10440,5,6,1910,TA,440,1230,110000,5,3,1,0,2,370,0
81,RL,13000,6,6,1968,TA,896,2142,193500,1,1,1,0,1,234,1
82,RM,4500,6,5,1998,TA,1237,1337,153500,5,2,1,1,1,191,1
83,RL,10206,8,5,2007,TA,1563,1563,245000,3,2,0,1,2,345,1
84,RL,8892,5,5,1960,TA,1065,1065,126500,3,1,1,0,2,327,0
85,RL,8530,7,5,1995,TA,384,1474,168500,5,3,0,1,2,430,0
86,RL,16059,8,5,1991,Gd,1288,2417,260000,1,3,0,0,1,356,1
87,RL,11911,6,5,2005,Gd,684,1560,174000,4,2,1,1,3,263,0
88,FV,3951,6,5,2009,Gd,612,1224,164500,3,2,0,1,1,130,1
89,C (all),8470,3,2,1915,Fa,1013,1526,85000,2,1,0,0,2,274,0
90,RL,8070,4,5,1994,TA,990,990,123600,5,2,1,1,1,148,0
91,RL,7200,4,5,1950,TA,0,1040,109900,4,2,1,0,1,418,0
92,RL,8500,5,3,1961,TA,1235,1235,98600,2,1,0,0,2,259,0
93,RL,13360,5,7,1921,TA,876,964,163500,5,3,0,0,1,496,1
94,C (all),7200,6,6,1910,TA,1214,2291,133900,3,2,1,1,1,406,1
95,RL,9337,6,5,1997,TA,824,1786,204750,3,1,0,1,1,366,0
96,RL,9765,6,8,1993,Ex,680,1470,185000,5,2,1,1,3,494,1
97,RL,10264,7,5,1999,Gd,1588,1588,214000,3,2,1,1,2,344,1
98,RL,10921,4,5,1965,TA,960,960,94750,5,3,1,1,2,197,0
99,RL,10625,5,5,1920,TA,458,835,83000,2,1,1,1,3,375,0
100,RL,9320,4,5,1959,TA,950,1225,128950,3,2,1,0,1,311,0
101,RL,10603,6,7,1977,TA,1610,1610,205000,1,2,0,1,1,418,1
102,RL,9206,6,5,1985,Gd,741,1732,178000,5,3,1,1,1,247,0
103,RL,7018,5,5,1979,TA,0,1535,118964,3,3,0,0,3,107,1
104,RL,10402,7,5,2009,TA,1226,1226,198900,2,1,0,1,1,408,1
105,RM,7758,7,4,1931,TA,1040,1818,169500,4,3,1,0,3,230,0
106,FV,9375,8,5,2003,Gd,1053,1992,250000,4,1,1,0,2,251,0
107,RM,10800,4,7,1885,TA,641,1047,100000,3,3,1,0,2,239,0
108,RM,6000,5,5,1948,TA,789,789,115000,2,2,1,1,1,343,1
109,RM,8500,5,7,1919,TA,793,1517,115000,3,2,0,1,2,389,1
110,RL,11751,6,6,1977,TA,1844,1844,190000,2,1,0,0,1,360,0
111,RL,9525,6,4,1954,TA,994,1855,136900,3,2,0,0,3,122,0
112,RL,7750,7,5,2000,TA,384,1430,180000,5,2,0,1,3,158,1
113,RL,9965,7,5,2007,Gd,1264,2696,383970,3,3,1,1,1,176,0
114,RL,21000,6,5,1953,TA,1809,2259,217000,5,1,1,0,1,377,1
115,RL,7259,6,8,1945,TA,1028,2320,259500,2,1,1,0,3,359,1
116,FV,3230,6,5,1999,TA,729,1458,176000,5,2,0,0,3,371,0
117,RL,11616,5,5,1962,TA,1092,1092,139000,5,3,1,1,2,499,0
118,RL,8536,5,5,2006,TA,1125,1125,155000,2,3,0,1,1,198,0
119,RL,12376,7,5,1990,TA,1673,3222,320000,5,2,1,0,1,109,0
120,RL,8461,6,5,2005,Gd,728,1456,163990,2,2,1,1,3,372,0
121,RL,21453,6,5,1969,TA,938,988,180000,4,2,1,1,1,332,1
122,RM,6060,4,5,1939,TA,732,1123,100000,5,1,1,1,3,310,1
123,RL,9464,6,7,1958,TA,1080,1080,136000,4,2,1,0,2,358,0
124,RL,7892,6,5,1993,Gd,1199,1199,153900,3,1,0,0,3,244,1
125,RL,17043,6,5,1979,TA,1362,1586,181000,1,3,1,1,2,468,1
126,RM,6780,6,8,1935,TA,520,754,84500,4,3,0,1,3,433,1
127,RL,4928,6,5,1976,TA,1078,958,128000,2,1,0,1,3,191,0
128,RM,4388,5,7,1930,TA,672,840,87000,5,2,0,0,3,483,1
129,RL,7590,6,5,1966,TA,660,1348,155000,2,2,0,1,1,320,1
130,RL,8973,5,7,1958,TA,1008,1053,150000,3,2,1,0,1,250,1
131,RL,14200,7,6,1966,TA,924,2157,226000,3,3,0,0,3,396,0
132,RL,12224,6,5,2000,Gd,992,2054,244000,5,2,0,0,2,471,0
133,RL,7388,5,6,1959,TA,1063,1327,150750,1,1,0,1,1,126,1
134,RL,6853,8,5,2001,Gd,1267,1296,220000,2,2,1,0,2,471,0
135,RL,10335,5,6,1968,TA,1461,1721,180000,4,2,0,1,2,297,0
136,RL,10400,7,6,1970,TA,1304,1682,174000,3,2,1,0,2,247,0
137,RL,10355,5,5,1967,TA,1214,1214,143000,2,3,0,0,1,240,0
138,RL,11070,7,5,1988,TA,1907,1959,171000,1,1,0,0,2,142,1
139,RL,9066,8,5,1999,Gd,1004,1852,230000,3,1,1,0,3,463,1
140,RL,15426,6,5,1997,TA,928,1764,231500,3,1,0,1,1,204,1
141,RL,10500,4,5,1971,TA,864,864,115000,2,3,1,1,2,271,1
142,RL,11645,7,5,2005,Gd,1734,1734,260000,3,2,0,0,2,204,0
143,RL,8520,5,4,1952,TA,910,1385,166000,5,3,1,0,3,236,1
144,RL,10335,7,5,1999,Gd,1490,1501,204000,5,1,1,0,3,134,0
145,RM,9100,5,5,1963,TA,1728,1728,125000,5,1,1,0,2,332,0
146,RM,2522,6,5,2004,Gd,970,1709,130000,2,2,0,1,1,153,0
147,RM,6120,5,7,1931,TA,715,875,105000,3,2,0,1,3,391,0
148,RL,9505,7,5,2001,Gd,884,2035,222500,5,1,0,1,1,197,0
149,RL,7500,7,5,2004,TA,1080,1080,141000,5,1,0,1,2,239,1
150,RM,6240,5,4,1936,TA,896,1344,115000,5,2,1,0,1,447,1
151,RL,10356,5,6,1975,TA,969,969,122000,4,3,1,1,1,249,1
152,RL,13891,8,5,2007,Gd,1710,1710,372402,2,3,1,1,3,403,0
153,RL,14803,6,5,1971,TA,825,1993,190000,5,1,0,1,3,317,0
154,RL,13500,6,7,1960,TA,1602,1252,235000,1,1,1,1,3,334,1
155,RM,11340,6,5,1923,TA,1200,1200,125000,2,2,1,0,2,492,1
156,RL,9600,6,5,1924,TA,572,1096,79000,5,3,1,0,3,136,0
157,RL,7200,5,7,1950,TA,0,1040,109500,4,2,0,1,3,300,0
158,RL,12003,8,5,2009,Gd,774,1968,269500,1,1,0,0,1,343,1
159,FV,12552,7,5,2004,Gd,991,1947,254900,3,1,0,1,1,102,0
160,RL,19378,7,5,2005,Gd,1392,2462,320000,2,3,0,0,2,170,0
161,RL,11120,6,6,1984,TA,1232,1232,162500,5,1,1,0,2,369,1
162,RL,13688,9,5,2003,Gd,1572,2668,412500,5,3,1,0,2,298,0
163,RL,12182,7,5,2005,Gd,1541,1541,220000,1,3,1,1,1,411,1
164,RL,5500,4,6,1956,TA,882,882,103200,1,1,0,1,2,223,0
165,RM,5400,6,7,1926,TA,1149,1616,152000,5,3,1,1,2,479,1
166,RL,10106,5,7,1940,TA,644,1355,127500,5,3,1,0,2,268,0
167,RL,10708,5,5,1955,Gd,1617,1867,190000,5,3,1,1,2,141,0
168,RL,10562,8,5,2007,Gd,1582,2161,325624,4,2,1,0,2,263,0
169,RL,8244,7,5,2004,Gd,840,1720,183500,3,3,0,1,2,349,0
170,RL,16669,8,6,1981,Gd,1686,1707,228000,3,2,1,1,2,235,1
171,RM,12358,5,6,1941,TA,720,1382,128500,5,1,1,1,3,310,1
172,RL,31770,6,5,1960,TA,1080,1656,215000,1,3,1,0,2,252,0
173,RL,5306,7,7,1987,Gd,1064,1767,239000,1,3,0,0,2,117,1
174,RL,10197,6,5,1961,TA,1362,1362,163000,4,1,0,1,1,415,0
175,RL,12416,6,5,1986,TA,1606,1651,184000,5,2,0,0,2,201,0
176,RL,12615,6,7,1950,TA,1202,2158,243000,1,3,1,1,1,438,1
177,RL,10029,6,5,1988,Gd,1151,2060,211000,1,2,0,1,3,403,0
178,RL,13650,5,5,1958,Gd,1052,1920,172500,3,3,0,0,1,160,1
179,RL,17423,9,5,2008,Ex,2216,2234,501837,1,2,0,1,1,289,1
180,RM,8520,5,6,1923,Gd,968,968,100000,3,2,1,0,1,392,0
181,FV,2117,6,5,2000,Gd,756,1525,177000,4,3,0,0,2,395,1
182,RL,7588,7,6,1920,TA,793,1802,200100,5,3,0,0,3,395,1
183,RL,9060,5,6,1957,TA,0,1340,120000,2,3,0,0,2,317,1
184,RM,11426,7,5,2003,TA,1362,2082,200000,4,2,1,0,1,162,1
185,RL,7438,5,8,1908,TA,504,1252,127000,3,2,0,1,3,101,0
186,RM,22950,10,9,1892,Gd,1107,3608,475000,2,3,1,1,2,445,0
187,RL,9947,7,5,1990,TA,1188,1217,173000,1,1,1,1,3,391,0
188,RL,10410,5,7,1916,TA,660,1656,135000,1,2,0,0,1,194,0
189,RL,7018,5,5,1979,TA,1086,1224,153337,2,3,0,0,1,390,1
190,RL,4923,8,5,2001,Gd,1593,1593,286000,4,2,0,0,1,439,1
191,RL,10570,8,8,1932,Gd,853,2727,315000,2,2,1,0,2,300,0
192,RL,7472,7,9,1972,TA,725,1479,184000,5,3,0,1,2,236,1
193,RL,9017,7,5,1999,Gd,1431,1431,192000,1,3,1,1,2,433,1
194,RM,2522,7,5,2004,Gd,970,1709,130000,4,1,0,1,2,381,0
195,RL,7180,5,7,1972,TA,864,864,127000,1,3,0,1,2,307,0
196,RL,2280,6,6,1976,TA,855,1456,148500,5,2,1,1,3,337,0
197,RL,9416,7,5,2007,Ex,1726,1726,311872,1,1,0,0,1,227,0
198,RL,25419,8,4,1918,Gd,1360,3112,235000,4,3,0,0,3,285,0
199,RM,5520,6,6,1912,TA,755,2229,104000,3,3,1,0,3,395,1
200,RL,9591,8,5,2004,Gd,1713,1713,274900,2,3,0,0,1,282,1
201,RM,8546,4,5,2003,TA,1121,1121,140000,4,1,1,0,3,336,0
202,RL,10125,6,6,1977,TA,1196,1279,171500,5,1,1,1,2,175,1
203,RL,7000,6,6,1924,TA,617,1310,112000,2,2,1,0,2,323,1
204,RM,4438,6,5,2004,Gd,848,848,149000,3,3,0,1,1,150,0
205,RM,3500,5,7,1947,TA,720,1284,110000,3,1,1,0,3,134,0
206,RL,11851,7,5,1990,TA,1424,1442,180500,5,1,1,1,1,363,1
207,RL,13673,5,5,1962,TA,1140,1696,143900,2,2,0,1,3,409,1
208,RL,12493,4,5,1960,TA,1100,1100,141000,4,1,0,1,2,131,0
209,RL,14364,7,5,1988,Gd,1157,2062,277000,2,1,0,0,2,334,0
210,RL,8250,6,7,1964,TA,1092,1092,145000,4,3,0,0,1,152,0
211,RL,5604,5,6,1925,TA,864,864,98000,2,3,1,1,3,319,1
212,RL,10420,6,5,2009,TA,1212,1212,186000,1,2,1,1,3,397,0
213,FV,8640,7,5,2009,TA,900,1852,252678,3,1,1,0,2,159,1
214,RL,13568,5,5,1995,TA,990,990,156000,4,3,1,1,1,220,0
215,RL,10900,6,7,1977,TA,689,1392,161750,1,1,0,0,3,352,0
216,RL,10011,5,6,1957,TA,1070,1236,134450,1,2,1,0,2,322,0
217,RL,8450,7,5,2004,Gd,1436,1436,210000,3,1,1,1,1,356,0
218,RM,9906,4,4,1925,TA,686,1328,107000,1,2,0,0,2,254,0
219,RL,15660,7,9,1939,Gd,798,1954,311500,5,2,0,1,2,145,0
220,RL,3010,7,5,2005,Gd,1248,1248,167240,3,3,0,0,1,314,0
221,RL,8990,7,5,2006,Gd,1498,1498,204900,2,1,0,0,3,234,1
222,RL,8068,6,5,2002,Gd,1010,2267,200000,2,1,1,0,1,436,1
223,RL,11475,6,6,1975,TA,713,1552,179900,2,1,0,1,1,356,0
224,RL,10500,4,6,1971,TA,864,864,97000,5,3,1,1,3,426,1
225,RL,13472,10,5,2003,Ex,2392,2392,386250,1,2,1,1,1,213,1
226,RM,1680,5,5,1971,TA,630,1302,112000,3,3,0,0,2,208,1
227,RL,9950,7,5,1995,Gd,1203,2520,290000,4,2,0,1,2,375,1
228,RM,1869,6,6,1970,TA,483,987,106000,1,1,0,0,3,406,1
229,RL,8521,5,5,1967,TA,912,912,125000,1,3,0,1,3,292,1
230,RL,3182,7,5,2005,Gd,1373,1555,192500,2,2,0,0,3,152,1
231,RL,8760,6,6,1959,TA,1194,1194,148000,4,2,0,0,2,169,0
232,RL,15138,8,5,1995,Gd,1462,2794,403000,4,3,1,0,3,334,1
233,RM,1680,6,5,1972,TA,483,987,94500,4,2,1,0,2,306,1
234,RL,10650,5,6,1976,TA,894,894,128200,5,3,0,1,1,244,0
235,RL,7851,6,5,2002,Gd,860,1960,216500,2,2,1,1,3,137,0
236,RM,1680,6,3,1971,TA,483,987,89500,3,2,1,0,1,312,0
237,RL,8773,7,5,2004,Gd,1414,1414,185500,3,2,0,1,1,168,1
238,RL,9453,7,7,1993,Gd,996,1744,194500,1,3,1,1,1,161,1
239,RL,12030,8,5,2007,Ex,1694,1694,318000,1,3,1,1,3,406,0
240,RL,8741,6,4,1945,TA,735,1487,113000,1,3,1,0,3,111,0
241,FV,9000,8,5,2008,Gd,1566,1566,262500,5,2,1,0,1,148,0
242,RM,3880,5,9,1945,TA,686,866,110500,1,2,0,0,1,123,1
243,RM,5000,5,4,1900,TA,540,1440,79000,5,1,1,0,3,321,0
244,RL,10762,6,6,1980,TA,626,1217,120000,4,1,1,0,2,454,0
245,RL,8880,7,5,1994,Gd,948,2110,205000,3,3,1,0,2,360,0
246,RL,10400,7,5,1988,TA,1845,1872,241500,5,1,0,0,1,249,0
247,RM,9142,6,8,1910,TA,1020,1928,137000,1,2,0,1,2,205,0
248,RL,11310,6,5,1954,TA,1367,1375,140000,4,3,0,1,2,360,0
249,RL,11317,7,5,2003,Gd,840,1668,180000,2,1,0,0,2,170,1
250,RL,159000,6,7,1958,Gd,1444,2144,277000,3,3,0,1,1,384,0
251,RL,5350,3,2,1940,TA,728,1306,76500,3,2,0,0,2,263,1
252,RM,4750,8,5,2006,Gd,1573,1625,235000,2,2,1,1,3,353,1
253,RL,8366,6,5,2004,Gd,798,1640,173000,2,1,1,0,3,121,1
254,RL,9350,6,7,1964,TA,1302,1302,158000,1,3,1,1,3,140,1
255,RL,8400,5,6,1957,TA,1314,1314,145000,1,3,1,1,2,419,1
256,RL,8738,7,5,1999,Gd,975,2291,230000,3,3,0,0,1,105,1
257,FV,8791,6,5,2003,Gd,864,1728,207500,3,3,1,0,3,346,0
258,RL,8814,7,5,2006,Gd,1604,1604,220000,5,1,1,1,2,321,1
259,RL,12435,7,5,2001,Gd,963,1792,231500,2,1,0,0,3,352,1
260,RM,12702,5,5,1956,TA,0,882,97000,1,2,0,1,3,258,1
261,RL,19296,6,5,1962,TA,1362,1382,176000,1,2,0,0,3,121,1
262,RL,9588,8,5,2007,Gd,1482,2574,276000,5,1,0,0,3,380,0
263,RL,8471,6,7,1977,TA,506,1212,151000,4,3,1,1,1,278,1
264,RM,5500,5,7,1929,TA,926,1316,130000,5,2,0,0,1,154,1
265,RM,5232,5,5,1925,TA,680,764,73000,2,2,1,0,2,366,0
266,RL,12090,6,6,1981,TA,1422,1422,175500,1,1,0,0,2,417,0
267,RL,11207,6,5,1997,TA,802,1511,185000,5,3,0,0,3,255,0
268,RL,8400,5,8,1939,TA,720,2192,179500,1,1,1,0,2,489,1
269,RM,6900,5,6,1940,TA,740,778,120500,2,2,1,0,1,183,0
270,RL,7917,6,7,1976,TA,1143,1113,148000,1,3,0,0,2,430,0
271,FV,10728,8,5,2006,Gd,1095,1939,266000,3,3,1,0,3,493,1
272,RL,39104,7,7,1954,TA,1385,1363,241500,3,2,1,1,1,188,1
273,RL,11764,8,7,1999,Gd,1152,2270,290000,3,3,1,0,1,425,0
274,RL,9600,6,6,1958,TA,1240,1632,139000,2,3,0,1,1,260,0
275,RL,8314,5,7,1982,TA,816,816,124500,2,3,1,0,1,196,1
276,RL,7264,7,7,1925,Gd,952,1548,205000,1,3,0,0,2,246,0
277,RL,9196,7,5,2003,Gd,1560,1560,201000,2,1,1,0,2,129,1
278,RL,19138,4,5,1951,TA,864,864,141000,4,3,1,0,1,450,1
279,RL,14450,9,5,2006,Ex,2121,2121,415298,2,2,0,0,3,465,1
280,RL,10005,7,5,1977,TA,1160,2022,192000,5,2,1,0,3,320,0
281,RL,11287,7,6,1989,Gd,807,1982,228500,5,3,1,0,2,183,1
282,FV,7200,6,5,2006,Gd,1262,1262,185000,3,3,1,1,3,206,0
283,RL,5063,7,5,2007,Gd,1314,1314,207500,5,2,0,1,1,169,1
284,RL,9612,8,5,2008,Gd,1468,1468,244600,3,3,1,1,3,449,0
285,RL,8012,6,5,1992,Gd,1575,1575,179200,1,1,0,0,2,198,1
286,FV,4251,7,5,2006,Gd,625,1250,164700,5,2,0,1,1,148,1
287,RL,9786,6,7,1962,TA,912,1734,159000,1,1,1,0,1,337,0
288,RL,8125,4,4,1971,TA,858,858,88000,3,3,0,1,1,453,1
289,RL,9819,5,5,1967,TA,882,900,122000,5,1,1,0,2,347,1
290,RL,8730,6,7,1915,TA,698,1396,153575,2,1,1,1,3,379,1
291,RL,15611,8,5,2006,Gd,1079,1919,233230,5,1,0,0,2,296,0
292,RL,5687,5,6,1912,TA,780,1716,135900,2,1,0,0,3,330,0
293,RL,11409,5,4,1949,TA,768,1716,131000,1,2,1,0,1,356,0
294,RL,16659,7,7,1977,TA,795,2263,235000,4,1,0,1,2,192,0
295,RL,9600,6,5,1953,TA,1416,1644,167000,2,1,0,1,1,461,1
296,RL,7937,6,6,1984,TA,1003,1003,142500,2,1,0,0,1,464,1
297,RM,13710,5,5,1950,TA,910,1558,152000,5,1,1,1,3,328,1
298,FV,7399,7,5,1997,Gd,975,1950,239000,2,1,1,1,1,445,0
299,RL,11700,6,6,1968,Gd,702,1743,175000,4,2,1,1,1,247,1
300,RL,14000,6,8,1950,TA,1092,1152,158500,4,2,1,0,2,295,1
301,RL,15750,5,5,1953,TA,1165,1336,157000,5,1,0,0,1,415,0
302,RL,16226,8,5,1998,Gd,1028,2452,267000,1,1,1,0,3,473,0
303,RL,13704,7,5,2001,Gd,1541,1541,205000,1,1,0,1,3,167,0
304,RL,9800,5,7,1972,TA,894,894,149900,5,1,0,1,1,291,0
305,RM,18386,7,9,1880,TA,1470,3493,295000,2,1,0,1,1,345,0
306,RL,10386,8,5,2004,Gd,2000,2000,305900,3,1,1,1,2,464,0
307,RL,13474,7,5,1990,Gd,700,2243,225000,2,3,1,0,2,280,1
308,RM,7920,6,7,1920,TA,319,1406,89500,5,2,0,0,1,344,0
309,RL,12342,4,5,1940,TA,861,861,82500,4,3,0,1,2,269,0
310,RL,12378,9,5,2003,Gd,1896,1944,360000,2,3,1,1,2,329,0
311,RL,7685,6,5,1993,TA,697,1501,165600,5,1,0,1,1,192,1
312,RL,8000,6,6,1948,TA,972,972,132000,1,2,0,0,1,261,0
313,RM,7800,5,7,1939,TA,793,1118,119900,2,1,1,1,3,449,0
314,RL,215245,7,5,1965,TA,2136,2036,375000,4,2,0,1,2,398,0
315,RM,9600,7,7,1925,TA,728,1641,178000,2,3,0,1,2,311,0
316,RL,7795,7,5,2004,Gd,716,1432,188500,1,2,0,1,2,358,1
317,RL,13005,7,7,1980,Gd,845,2353,260000,2,3,1,1,2,317,0
318,FV,9000,8,5,2006,Gd,1088,1959,270000,5,3,0,0,2,214,0
319,RL,9900,7,5,1993,Gd,1347,2646,260000,2,1,0,0,3,397,0
320,RL,14115,7,5,1980,TA,1372,1472,187500,4,2,1,0,2,235,1
321,RL,16259,9,5,2006,TA,1249,2596,342643,1,3,0,1,1,284,0
322,RL,12099,8,5,2004,Gd,1136,2468,354000,1,1,1,1,1,290,0
323,RL,10380,7,5,1986,Gd,1502,2730,301000,2,1,1,0,3,424,0
324,RM,5820,3,8,1955,TA,1162,1163,126175,2,2,0,1,1,349,0
325,RL,11275,7,7,1967,Gd,710,2978,242000,4,3,1,1,2,286,1
326,RM,5000,5,6,1941,TA,720,803,87000,3,1,1,0,1,191,1
327,RL,10846,8,5,1993,Gd,1719,1719,324000,2,2,1,0,1,125,1
328,RL,11600,6,5,1960,TA,1383,1383,145250,2,1,0,0,2,409,1
329,RL,11888,6,6,1916,TA,844,2134,214500,3,2,1,0,1,244,0
330,RM,6402,5,5,1920,TA,596,1192,78000,1,3,1,0,2,493,1
331,RL,10624,5,4,1964,TA,1728,1728,119000,3,1,0,0,2,360,1
332,RL,8176,5,6,1958,TA,1056,1056,139000,3,1,1,1,2,227,0
333,RL,10655,8,5,2003,Gd,3206,1629,284000,4,2,1,0,2,163,1
334,RM,8198,7,5,2004,Gd,1358,1358,207000,2,1,0,0,1,157,1
335,RL,9042,6,5,1998,TA,943,1638,192000,1,2,0,1,1,102,0
336,RL,164660,5,6,1965,TA,1499,1786,228950,1,3,0,1,3,399,0
337,RL,14157,9,5,2005,Gd,1922,1922,377426,5,2,0,0,2,481,0
338,RL,9135,7,5,2002,Gd,1536,1536,214000,4,2,0,1,3,172,0
339,RL,14145,7,7,1984,Gd,1208,1621,202500,2,2,0,0,2,258,0
340,RL,12400,6,7,1958,TA,1215,1215,155000,4,1,0,1,3,346,1
341,RL,14191,8,5,2002,Gd,967,1908,202900,3,2,0,1,1,384,0
342,RH,8400,4,4,1950,Fa,721,841,82000,3,3,1,0,3,265,0
343,RL,8544,3,4,1949,TA,0,1040,87500,1,2,1,0,2,338,0
344,RL,8849,9,5,2005,Ex,1684,1684,266000,3,3,0,1,2,175,0
345,RM,2592,5,3,1976,TA,536,1112,85000,5,3,1,0,1,299,0
346,RL,6435,6,5,1939,TA,972,1577,140200,3,2,0,0,2,108,0
347,RL,12772,6,8,1960,TA,958,958,151500,3,1,0,1,2,122,0
348,RL,17600,6,5,1960,TA,1478,1478,157500,5,3,1,0,3,190,0
349,RL,2448,7,5,2003,Gd,764,1626,154000,2,3,1,1,1,441,0
350,RL,20431,9,5,2005,Ex,1848,2728,437154,4,3,1,1,3,302,0
351,RL,7820,9,5,2007,Ex,1869,1869,318061,1,3,0,0,3,256,1
352,RL,5271,7,5,1986,TA,1453,1453,190000,1,1,0,0,2,381,1
353,RL,9084,5,6,1941,TA,616,1111,95000,5,3,0,0,2,347,0
354,RM,8520,6,8,1928,TA,624,720,105900,1,1,0,1,2,316,0
355,RL,8400,6,5,1940,TA,940,1595,140000,2,2,1,0,3,493,1
356,RL,11249,6,5,1995,Gd,1200,1200,177500,4,2,0,0,2,176,1
357,RL,9248,6,6,1992,TA,1158,1167,173000,4,3,0,0,3,187,0
358,RM,4224,5,5,1976,TA,1142,1142,134000,1,3,0,1,2,409,1
359,RL,6930,5,4,1958,TA,1062,1352,130000,2,1,1,1,2,435,1
360,RL,12011,8,5,1998,Gd,1086,1924,280000,5,2,1,0,1,480,0
361,RL,7540,6,6,1978,TA,888,912,156000,1,1,0,0,3,454,1
362,RL,9144,5,5,1940,TA,883,1505,145000,1,3,1,0,1,324,0
363,RL,7301,7,5,2003,Gd,0,1922,198500,2,1,0,0,3,429,0
364,RM,1680,6,8,1972,TA,483,987,118000,4,1,1,1,1,366,1
365,RL,18800,6,5,1976,TA,796,1574,190000,2,3,0,0,3,136,0
366,RM,10690,5,7,1920,TA,672,1344,147000,4,3,0,0,1,466,1
367,RL,9500,6,5,1963,TA,1394,1394,159000,3,3,1,1,1,499,1
368,RL,9150,6,5,1962,TA,1099,1431,165000,4,3,0,1,2,425,1
369,RL,7800,5,6,1954,TA,1268,1268,132000,4,3,0,1,1,175,0
370,RL,9830,5,7,1959,TA,1063,1287,162000,3,1,1,1,3,327,1
371,RL,8121,6,5,2000,TA,953,1664,172400,2,1,1,1,3,244,0
372,RL,17120,4,4,1959,TA,0,1588,134432,5,2,1,1,2,210,0
373,RL,7175,6,5,1984,TA,744,752,125000,2,3,0,0,2,144,1
374,RL,10634,5,6,1953,TA,608,1319,123000,1,1,0,1,3,279,0
375,RL,8200,7,5,2003,Gd,847,1928,219500,5,3,0,1,2,174,0
376,RL,10020,1,1,1922,Fa,683,904,61000,2,2,0,0,1,161,1
377,RL,8846,5,5,1996,Gd,870,914,148000,2,1,1,1,2,196,1
378,FV,11143,8,5,2004,Gd,1580,2466,340000,4,1,1,1,1,237,0
379,RL,11394,9,2,2010,Gd,1856,1856,394432,2,1,0,1,1,245,0
380,RL,8123,6,5,2000,TA,982,1800,179000,2,2,0,1,2,301,0
381,RL,5000,5,6,1924,TA,1026,1691,127000,5,3,1,1,3,387,1
382,FV,7200,7,5,2006,Gd,1293,1301,187750,5,1,0,1,3,195,0
383,RL,9245,7,5,2006,Gd,939,1797,213500,5,3,0,1,1,328,1
384,RH,9000,6,3,1928,TA,784,784,76000,4,3,0,1,3,142,0
385,RL,53107,6,5,1992,Gd,1580,1953,240000,5,2,1,1,3,192,0
386,RL,3182,8,5,2004,Gd,1256,1269,192000,4,2,0,0,1,110,0
387,RL,8410,5,3,1910,TA,658,1184,81000,3,3,0,1,2,243,1
388,RL,7200,6,6,1976,TA,1041,1125,125000,3,1,0,0,3,241,0
389,RL,9382,7,5,1999,Gd,1468,1479,191000,3,1,1,1,2,380,1
390,RL,12474,10,5,2007,Ex,1682,2332,426000,1,1,0,1,3,191,1
391,RL,8405,5,8,1900,TA,861,1367,119000,1,2,1,1,2,196,0
392,RL,12209,6,5,2001,TA,804,1961,215000,2,1,1,0,2,170,1
393,RL,8339,5,7,1959,TA,0,882,106500,1,1,1,1,1,416,0
394,RL,7446,4,5,1941,TA,788,788,100000,5,2,0,1,2,144,1
395,RL,10134,5,6,1940,TA,735,1034,109000,1,2,1,1,3,227,1
396,RL,9571,5,6,1956,TA,1144,1144,129000,5,2,0,0,3,377,0
397,RL,7200,5,5,1972,TA,894,894,123000,1,1,0,1,3,395,0
398,RL,7590,5,5,1962,TA,864,1812,169500,1,3,1,1,1,272,1
399,RM,8967,5,2,1920,TA,961,1077,67000,3,2,0,0,2,181,1
400,FV,8125,7,5,2006,Gd,1092,1550,241000,3,2,0,1,2,265,0
401,RL,14963,8,5,1996,Gd,1260,1288,245500,3,2,1,0,1,336,0
402,RL,8767,7,5,2005,Gd,1310,1310,164990,4,3,1,1,1,179,1
403,RL,10200,5,8,1940,TA,672,672,108000,5,2,1,0,2,188,1
404,RL,12090,8,5,1998,Gd,1141,2263,258000,1,3,1,1,3,145,0
405,RL,10364,6,5,1995,TA,806,1572,168000,3,3,1,0,3,358,1
406,RL,9991,4,4,1976,TA,1281,1620,150000,3,3,0,0,2,148,0
407,RL,10480,6,5,1936,TA,1064,1639,115000,2,1,1,0,2,214,1
408,RL,15576,6,7,1915,TA,840,1680,177000,5,3,0,0,2,264,0
409,RL,14154,7,5,2006,Gd,1063,2172,280000,3,2,1,1,1,142,1
410,FV,10800,8,5,2007,Gd,1034,2078,339750,2,2,0,0,1,373,1
411,RL,9571,5,3,1958,TA,1276,1276,60000,2,2,0,0,1,345,1
412,RL,34650,5,5,1955,TA,1056,1056,145000,4,3,0,0,2,211,0
413,FV,4403,7,5,2009,Ex,1470,1478,222000,2,2,0,0,3,485,1
414,RM,8960,5,6,1927,TA,1008,1028,115000,2,1,1,0,3,125,0
415,RL,11228,7,5,1993,Gd,1080,2097,228000,1,3,1,0,1,120,1
416,RL,8899,7,5,2007,Gd,1340,1340,181134,3,3,1,0,2,243,0
417,RL,7844,6,7,1978,TA,672,1400,149500,3,1,1,0,1,343,0
418,RL,22420,6,6,1918,TA,1370,2624,239000,4,3,1,0,3,155,1
419,RL,8160,5,6,1940,TA,756,1134,126000,3,2,0,1,1,498,1
420,RL,8450,5,6,1968,TA,1056,1056,142000,3,3,0,0,2,190,0
421,RM,7060,7,5,1997,TA,1344,1344,206300,5,3,1,0,1,446,0
422,RL,16635,6,7,1977,Gd,1602,1602,215000,5,1,1,0,2,316,1
423,RL,21750,5,5,1954,TA,988,988,113000,5,2,1,0,2,360,1
424,RL,9200,8,5,1998,Gd,1470,2630,315000,5,3,0,1,1,178,1
425,RL,9000,6,5,1956,TA,1196,1196,139000,4,3,1,0,3,160,1
426,RM,3378,7,8,1946,TA,651,1389,135000,2,1,1,0,2,445,1
427,RL,12800,7,5,1989,Gd,1518,1644,275000,2,3,0,1,3,431,0
428,RL,8593,4,6,1957,TA,907,907,109008,2,3,1,1,3,390,0
429,RL,6762,7,5,2007,Gd,1208,1208,195400,5,2,1,1,2,303,1
430,RL,11457,6,5,1988,TA,1392,1412,175000,5,2,1,1,2,141,0
431,RM,1680,6,5,1971,TA,483,987,85400,5,3,0,0,3,223,1
432,RM,5586,6,7,1920,TA,901,1198,79900,3,2,1,0,3,371,1
433,RM,1920,5,5,1971,TA,765,1365,122500,5,2,0,0,3,385,1
434,RL,10839,6,5,1997,TA,926,1604,181000,5,2,0,1,2,482,0
435,RM,1890,4,7,1972,TA,630,630,81000,3,1,0,1,2,301,1
436,RL,10667,7,6,1996,Gd,799,1661,212000,3,3,1,1,1,243,1
437,RM,4400,6,8,1920,TA,648,1118,116000,1,2,0,0,1,189,1
438,RM,6000,6,7,1926,Gd,884,904,119000,5,1,0,0,1,232,1
439,RL,4280,5,6,1913,TA,440,694,90350,2,1,0,1,2,429,0
440,RL,12354,6,8,1920,TA,684,1196,110000,5,2,1,0,1,316,0
441,RL,15431,10,5,2008,Ex,3094,2402,555000,3,2,0,1,1,349,1
442,RL,12108,4,4,1955,TA,1440,1440,118000,4,2,0,0,3,161,1
443,RM,6240,5,7,1930,TA,1078,1573,162900,4,1,0,1,1,293,0
444,RL,3922,7,5,2006,Gd,1258,1258,172500,2,2,1,0,3,450,1
445,RL,8750,7,5,1994,Gd,915,1908,210000,5,3,0,0,2,227,0
446,RL,9855,6,5,1956,TA,1436,1689,127500,4,1,1,0,2,377,0
447,RL,16492,6,6,1966,Gd,1517,1888,190000,3,1,1,1,3,256,0
448,RL,11214,7,5,1998,Gd,930,1886,199900,1,1,1,1,1,410,1
449,RM,8600,6,6,1937,TA,780,1376,119500,3,2,0,1,3,277,1
450,RM,6000,3,7,1948,TA,649,1183,120000,2,2,0,1,2,132,0
451,RM,5684,6,8,1930,TA,813,813,110000,2,3,0,0,2,292,0
452,RL,70761,7,5,1975,TA,1533,1533,280000,1,2,1,0,2,398,1
453,RL,9303,6,5,1996,Gd,872,1756,204000,3,3,0,0,3,481,0
454,FV,9000,8,5,2008,Gd,768,1590,210000,2,1,0,1,3,278,0
455,RL,9297,5,5,1976,TA,1728,1728,188000,1,2,0,0,1,113,0
456,RL,9600,7,6,1973,TA,1242,1242,175500,2,2,0,0,2,104,0
457,RM,4571,5,5,1916,TA,624,1344,98000,5,2,1,1,2,490,0
458,RL,53227,4,6,1954,TA,1364,1663,256000,5,3,1,0,3,445,1
459,RM,5100,8,7,1925,TA,588,1666,161000,1,2,0,1,3,293,1
460,RL,7015,5,4,1950,TA,709,1203,110000,3,3,0,1,3,224,1
461,FV,8004,8,5,2009,Gd,832,1935,263435,3,1,0,1,2,453,1
462,RL,7200,7,9,1936,Gd,560,1135,155000,4,2,0,1,3,104,1
463,RL,8281,5,5,1965,TA,864,864,62383,2,2,0,0,2,435,0
464,RL,11988,6,7,1934,TA,715,1660,188700,3,3,1,1,3,382,1
465,RL,8430,5,5,1978,TA,1040,1040,124000,5,2,1,1,2,171,0
466,RM,3072,7,5,2004,Gd,1375,1414,178740,5,1,1,0,2,433,1
467,RL,10628,7,5,1970,TA,1277,1277,167000,5,3,0,1,2,421,0
468,RL,9480,5,7,1942,TA,728,1644,146500,4,2,0,0,3,319,1
469,RL,11428,8,5,2006,Gd,1626,1634,250000,5,3,0,1,1,359,1
470,RL,9291,6,5,1993,Gd,832,1710,187000,2,3,0,1,2,443,0
471,RL,6820,8,5,1985,Gd,1488,1502,212000,3,3,0,0,2,154,0
472,RL,11952,7,6,1977,TA,808,1969,190000,3,2,1,0,1,319,1
473,RM,3675,6,5,2005,TA,547,1072,148000,2,3,1,1,1,172,0
474,RL,14977,8,5,2006,Gd,1976,1976,440000,3,2,0,0,2,271,1
475,RL,5330,8,5,2000,Gd,1494,1652,251000,4,2,1,1,3,444,1
476,RL,8480,5,6,1963,TA,970,970,132500,2,1,1,1,1,499,0
477,RL,13125,6,5,1997,TA,1478,1493,208900,2,3,1,1,1,291,1
478,RL,13693,9,5,2006,Ex,2153,2643,380000,4,2,1,1,1,388,0
479,RL,10637,8,5,2007,Gd,1705,1718,297000,2,3,0,0,1,245,0
480,RM,5925,4,7,1937,TA,907,1131,89471,3,2,1,0,3,197,0
481,RL,16033,9,5,2004,Gd,1833,1850,326000,5,3,0,1,1,175,1
482,RL,11846,9,5,2003,Gd,1792,1792,374000,4,1,0,1,3,362,1
483,RM,2500,7,8,1915,Gd,910,1826,155000,4,3,0,0,1,190,1
484,RM,4500,6,5,1998,TA,1216,1216,164000,4,2,0,0,1,294,0
485,RL,7758,5,7,1962,TA,999,999,132500,3,1,1,1,2,395,1
486,RL,9600,5,7,1950,Gd,1113,1113,147000,3,3,0,0,2,127,1
487,RL,10289,5,7,1965,TA,1073,1073,156000,3,2,0,0,1,426,0
488,RL,12243,5,6,1971,TA,1484,1484,175000,3,1,0,1,2,479,1
489,RL,10800,5,4,1900,TA,954,2414,160000,1,1,0,1,3,376,0
490,RM,1526,4,8,1970,TA,630,630,86000,2,3,1,0,3,411,0
491,RM,2665,5,6,1976,TA,264,1304,115000,1,3,0,1,2,349,1
492,RL,9490,6,7,1941,TA,806,1578,133000,1,1,0,0,1,399,1
493,RL,15578,6,5,2006,Gd,728,1456,172785,1,2,1,0,3,155,1
494,RL,7931,5,6,1960,TA,1269,1269,155000,2,3,0,0,3,111,1
495,RM,5784,5,8,1938,TA,190,886,91300,4,3,1,0,1,321,1
496,C (all),7879,4,5,1920,TA,720,720,34900,2,1,1,0,3,343,1
497,RL,12692,8,5,1992,Gd,3200,3228,430000,1,1,1,1,1,272,1
498,RL,9120,7,6,1925,TA,1026,1820,184000,4,1,1,1,1,227,1
499,RL,7800,5,7,1967,TA,864,899,130000,4,3,0,0,2,178,1
500,RL,7535,5,7,1958,TA,912,912,120000,4,2,1,1,3,132,1
501,RM,1890,6,5,1973,TA,672,1218,113000,3,1,0,1,2,411,1
502,FV,9803,7,5,2005,Gd,866,1768,226700,1,1,1,1,2,194,0
503,RL,9170,5,7,1965,TA,1214,1214,140000,1,1,1,0,1,275,0
504,RL,15602,7,8,1959,TA,1501,1801,289000,2,1,1,0,2,287,1
505,RL,2308,6,5,1974,TA,855,1322,147000,4,2,1,1,3,442,0
506,RM,7596,5,5,1952,TA,960,1960,124500,4,3,1,1,2,135,1
507,RL,9554,8,5,1993,Gd,777,1911,215000,3,3,1,0,2,226,0
508,FV,7862,6,5,2009,Gd,1218,1218,208300,5,3,0,1,3,365,1
509,RM,9600,7,9,1928,TA,689,1378,161000,1,2,1,0,3,477,1
510,RL,9600,5,6,1959,TA,1041,1041,124500,4,1,1,1,2,369,1
511,RL,14559,5,7,1951,Gd,1008,1363,164900,4,2,0,1,3,354,0
512,RL,6792,7,5,2005,Gd,1368,1368,202665,1,1,1,0,3,494,0
513,RL,9100,5,5,1958,TA,864,864,129900,5,2,0,0,1,188,0
514,RL,9187,6,5,1983,TA,1084,1080,134000,4,3,0,1,2,297,0
515,RL,10594,5,5,1926,TA,768,789,96500,5,1,1,0,2,308,1
516,RL,12220,10,5,2009,Ex,2006,2020,402861,1,3,0,0,1,445,0
517,RL,10448,6,6,1972,TA,689,2119,158000,4,3,1,0,1,235,1
518,RL,10208,7,5,1996,Gd,1264,2344,265000,1,2,0,0,3,202,1
519,RL,9531,6,5,1998,TA,794,1796,211000,3,3,1,0,3,275,0
520,RL,10918,7,9,1926,Gd,1276,2080,234000,5,3,0,1,3,460,1
521,RL,10800,4,7,1900,TA,0,1294,106250,5,1,1,0,2,264,1
522,RL,11988,6,6,1957,TA,1244,1244,150000,1,2,0,0,2,358,1
523,RM,5000,6,7,1947,TA,1004,1664,159000,2,2,1,1,2,155,0
524,RL,40094,10,5,2007,Ex,3138,4676,184750,1,3,0,1,2,486,1
525,RL,11787,7,5,1996,Gd,1379,2398,315750,2,2,1,0,3,304,1
526,FV,7500,7,5,2005,Gd,1257,1266,176000,1,3,0,1,1,433,0
527,RL,13300,5,7,1956,TA,928,928,132000,3,3,1,1,3,289,0
528,RL,14948,9,5,2008,Ex,1452,2713,446261,5,1,0,1,3,168,0
529,RL,9098,4,7,1920,TA,528,605,86000,1,3,0,0,2,394,0
530,RL,32668,6,3,1957,Gd,2035,2515,200624,2,1,1,0,1,191,1
531,RL,10200,6,5,1988,Gd,1461,1509,175000,5,1,1,1,2,192,0
532,RM,6155,6,8,1920,TA,611,1362,128000,4,2,1,1,1,108,1
533,RL,7200,5,7,1955,TA,0,827,107500,4,1,1,1,2,452,1
534,RL,5000,1,3,1946,Fa,0,334,39300,2,1,1,1,2,449,0
535,RL,9056,8,5,2004,Gd,707,1414,178000,1,1,0,1,3,311,1
536,RL,7000,5,7,1910,TA,1117,1347,107500,1,1,1,1,2,220,0
537,RL,8924,7,5,1998,TA,880,1724,188000,4,1,0,1,2,402,0
538,RL,12735,4,5,1972,TA,864,864,111250,3,3,0,0,1,248,1
539,RL,11553,5,5,1968,TA,1051,1159,158000,2,3,0,0,1,325,1
540,RL,11423,8,5,2001,Gd,1581,1601,272000,2,1,0,1,1,200,0
541,RL,14601,9,5,2006,Ex,1838,1838,315000,1,3,0,1,1,330,1
542,RL,11000,8,5,2000,Gd,969,2285,248000,2,1,1,1,1,352,0
543,RL,10140,7,5,1998,Gd,1650,1680,213250,3,1,0,0,3,347,0
544,RH,4058,7,5,1998,TA,723,767,133000,3,1,0,1,3,386,0
545,RL,17104,7,5,2006,Gd,654,1496,179665,1,1,1,0,2,437,1
546,RL,13837,7,5,1988,Gd,1204,2183,229000,4,2,1,1,3,472,0
547,RL,8737,6,7,1923,TA,1065,1635,210000,2,1,0,1,3,110,0
548,RL,7244,5,7,1970,TA,768,768,129500,5,1,1,1,1,114,0
549,RM,8235,5,7,1955,TA,825,825,125000,4,1,0,1,2,477,0
550,FV,9375,7,5,2003,Gd,912,2094,263000,4,1,0,1,1,209,0
551,RL,4043,6,6,1977,TA,1069,1069,140000,4,1,1,1,2,150,1
552,RM,6000,5,6,1957,TA,928,928,112500,4,2,1,0,3,499,0
553,RL,11146,8,5,2006,Gd,1709,1717,255500,4,3,0,0,3,329,1
554,RL,8777,4,5,1949,TA,0,1126,108000,4,2,0,0,1,246,0
555,RL,10625,7,5,2003,Gd,998,2046,284000,4,2,0,0,2,111,0
556,RM,6380,5,6,1922,TA,993,1048,113000,4,2,1,0,2,230,1
557,RL,14850,5,5,1957,TA,1092,1092,141000,2,3,1,0,1,257,0
558,C (all),11040,4,6,1920,TA,637,1336,108000,2,1,1,1,3,264,1
559,RL,21872,7,5,1996,TA,729,1446,175000,5,1,1,1,3,362,1
560,RL,3196,7,5,2003,Gd,1374,1557,234000,1,3,0,0,3,176,1
561,RL,11341,5,6,1957,TA,1392,1392,121500,5,3,1,0,1,155,1
562,RL,10010,5,5,1974,TA,1389,1389,170000,2,2,1,0,3,160,1
563,RL,13907,5,6,1940,TA,996,996,108000,4,1,1,0,3,105,0
564,RL,21780,6,7,1918,TA,1163,1674,185000,2,2,1,0,3,272,1
565,RL,13346,7,5,1992,Gd,1095,2295,268000,1,2,0,0,3,100,1
566,RL,6858,6,4,1915,TA,806,1647,128000,4,3,0,0,3,247,1
567,RL,11198,9,5,2005,Gd,1122,2504,325000,3,3,0,0,3,470,1
568,RL,10171,7,5,2004,Gd,1517,1535,214000,1,2,1,0,2,286,0
569,RL,12327,8,8,1983,Gd,1496,2132,316600,5,2,0,0,1,227,0
570,RL,7032,5,5,1979,TA,943,943,135960,2,1,0,0,3,398,0
571,RL,13101,5,5,1965,TA,1728,1728,142600,3,2,0,1,1,430,0
572,RL,7332,6,6,1959,TA,864,864,120000,4,3,1,1,2,429,1
573,RL,13159,7,5,2009,TA,846,1692,224500,3,1,1,0,1,307,0
574,RL,9967,7,5,2000,TA,384,1430,170000,2,2,1,1,3,229,0
575,RL,10500,5,7,1971,TA,372,1109,139000,5,1,1,1,2,260,1
576,RL,8480,5,5,1947,TA,832,1216,118500,3,2,0,0,1,329,0
577,RL,6292,7,7,1928,TA,861,1477,145000,1,3,0,0,2,123,1
578,RL,11777,5,6,1966,TA,1164,1320,164500,1,2,0,0,3,368,0
579,FV,3604,7,5,2007,Gd,689,1392,146000,3,3,1,1,1,244,1
580,RM,12150,5,5,1954,TA,1050,1795,131500,2,2,0,1,1,364,1
581,RL,14585,6,6,1960,TA,1144,1429,181900,2,2,0,0,3,196,0
582,RL,12704,8,5,2008,Ex,2042,2042,253293,5,3,1,0,3,478,0
583,RL,11841,6,5,1990,TA,816,816,118500,2,2,0,1,3,391,1
584,RM,13500,10,9,1893,Ex,1237,2775,325000,1,2,1,0,1,447,0
585,RM,6120,4,7,1935,TA,884,1573,133000,5,2,1,0,2,345,0
586,RL,11443,8,5,2005,Gd,1868,2028,369900,4,1,0,0,1,138,0
587,RL,10267,6,7,1918,TA,816,838,130000,3,3,1,1,2,207,1
588,RL,8740,5,6,1982,TA,840,860,137000,5,2,1,0,3,461,1
589,RL,25095,5,8,1968,TA,1437,1473,143000,5,3,0,1,2,498,1
590,RM,9100,5,6,1930,TA,742,935,79500,1,2,1,1,3,409,0
591,RL,8320,7,5,2004,Gd,770,1582,185900,5,3,1,0,1,232,0
592,RL,13478,10,5,2008,Ex,1722,2296,451950,3,3,0,0,2,410,0
593,RL,6600,5,8,1982,TA,816,816,138000,5,1,1,0,1,125,0
594,RM,4435,6,5,2003,Gd,848,848,140000,2,1,1,1,1,367,0
595,RL,7990,5,6,1975,TA,924,924,110000,2,1,1,1,2,261,1
596,RL,11302,8,5,2005,Gd,1814,1826,319000,3,3,1,1,2,143,0
597,RM,3600,6,7,1910,TA,684,1368,114504,3,3,1,0,3,397,0
598,RL,3922,7,5,2006,Gd,1258,1402,194201,2,3,0,1,2,145,1
599,RL,12984,5,6,1977,TA,1430,1647,217500,3,2,0,0,2,278,0
600,RM,1950,6,6,1980,TA,716,1556,151000,4,3,1,1,2,351,0
601,RL,10927,8,5,2005,Gd,1058,1904,275000,4,3,0,0,1,278,1
602,RM,9000,6,6,1937,TA,780,1375,141000,4,2,1,0,3,483,0
603,RL,10041,8,5,1992,Gd,908,1915,220000,1,2,0,0,2,257,1
604,FV,3182,7,5,2004,Gd,600,1200,151000,4,3,1,1,3,472,0
605,RL,12803,7,5,2002,Gd,1494,1494,221000,3,3,1,0,3,332,1
606,RL,13600,7,6,1965,TA,768,1986,205000,2,3,1,0,3,363,0
607,RL,12464,5,5,1996,TA,1040,1040,152000,3,3,1,0,1,451,1
608,RL,7800,5,8,1948,TA,896,2008,225000,5,3,0,0,3,172,0
609,RL,12168,8,6,1934,TA,965,3194,359100,1,3,0,1,3,139,1
610,RL,7943,4,5,1961,TA,1029,1029,118500,3,3,0,0,2,188,0
611,RL,11050,9,5,2000,Gd,1440,2153,313000,3,3,0,0,3,493,1
612,RL,10395,6,6,1978,TA,1032,1032,148000,2,2,1,1,1,470,1
613,RL,11885,8,5,2001,Gd,1299,1872,261500,3,2,0,1,2,222,0
614,RL,8402,5,5,2007,TA,1120,1120,147000,3,3,0,0,2,386,1
615,RM,1491,4,6,1972,TA,630,630,75500,4,1,1,1,2,495,1
616,RL,8800,6,7,1963,TA,936,1054,137500,1,3,0,0,3,438,1
617,RL,7861,6,5,2002,Gd,783,1509,183200,4,2,0,1,1,106,1
618,RL,7227,6,6,1954,TA,832,832,105500,4,1,1,1,3,336,0
619,RL,11694,9,5,2007,Ex,1822,1828,314813,2,3,0,1,3,143,1
620,RL,12244,8,5,2003,Gd,1482,2262,305000,1,3,0,1,3,380,1
621,RL,8248,3,3,1914,TA,864,864,67000,4,1,0,1,3,112,1
622,RL,10800,6,7,1974,TA,1522,2614,240000,2,2,0,1,1,335,0
623,RL,7064,5,6,1977,TA,980,980,135000,5,2,0,1,3,194,0
624,FV,2117,6,5,2000,Gd,756,1512,168500,5,1,1,0,1,182,1
625,RL,10400,6,5,1972,TA,732,1790,165150,5,1,1,0,1,231,1
626,RL,10000,6,6,1962,TA,1116,1116,160000,3,3,1,1,1,324,0
627,RL,12342,5,5,1960,TA,978,1422,139900,1,1,1,1,3,368,1
628,RL,9600,6,6,1955,TA,1156,1520,153000,3,2,1,0,2,118,0
629,RL,11606,5,5,1969,TA,1040,2080,135000,1,2,1,0,3,480,1
630,RL,9020,6,5,1964,TA,1248,1350,168500,3,2,0,1,1,480,1
631,RM,9000,5,6,1880,TA,636,1750,124000,4,3,1,1,2,423,1
632,RL,4590,8,5,2006,Gd,1554,1554,209500,5,1,1,1,1,165,0
633,RL,11900,7,5,1977,TA,1386,1411,82500,1,1,0,0,3,413,0
634,RL,9250,5,7,1954,TA,1056,1056,139400,4,3,0,1,3,467,0
635,RL,6979,6,5,1980,TA,1056,1056,144000,5,3,1,0,2,227,1
636,RH,10896,6,7,1914,Fa,1440,3395,200000,4,3,1,1,1,471,1
637,RM,6120,2,3,1936,Fa,264,800,60000,1,1,0,1,1,243,1
638,RM,6000,5,4,1954,TA,811,1387,93000,5,1,0,0,3,427,1
639,RL,8777,5,7,1910,TA,796,796,85000,3,3,0,0,3,337,0
640,RL,3982,8,5,2006,Gd,1520,1567,264561,2,3,1,0,2,409,0
641,RL,12677,8,5,2003,Ex,1518,1518,274000,4,3,1,0,1,252,0
642,FV,7050,7,5,2001,Gd,1057,1929,226000,2,1,0,0,1,444,1
643,RL,13860,8,7,1972,Gd,1952,2704,345000,2,1,1,0,2,215,1
644,RL,10793,5,5,1969,TA,780,1620,152000,3,1,0,1,1,140,0
645,FV,9187,9,5,2009,Ex,1766,1766,370878,5,1,0,0,3,196,1
646,RL,10530,6,5,1971,TA,981,981,143250,1,3,1,0,1,321,0
647,RL,7200,5,5,1950,TA,0,1048,98300,3,3,0,0,1,311,0
648,RL,10452,6,5,1953,TA,1094,1094,155000,3,2,1,0,1,305,1
649,RL,7700,6,5,1966,TA,756,1839,155000,4,3,1,1,1,412,0
650,RM,1936,4,6,1970,TA,630,630,84500,4,2,0,0,3,479,1
651,FV,8125,7,6,2007,Gd,813,1665,205950,3,1,0,1,1,260,0
652,RL,9084,4,5,1940,TA,755,1510,108000,1,1,1,1,2,372,0
653,RL,8750,7,5,1996,Gd,880,1716,191000,5,1,0,0,1,454,0
654,RM,10320,6,7,1906,TA,756,1469,135000,4,2,1,1,3,244,1
655,RL,10437,8,6,1995,Gd,2109,2113,350000,2,1,1,1,1,442,1
656,RM,1680,6,5,1971,TA,525,1092,88000,4,3,0,0,2,210,0
657,RL,10007,5,7,1959,Gd,1053,1053,145500,4,2,0,1,3,139,0
658,RL,7200,7,6,1931,TA,776,1502,149000,2,3,0,0,1,378,1
659,RL,17503,6,5,1948,TA,912,1458,97500,4,3,1,1,1,341,0
660,RL,9937,5,7,1964,TA,1486,1486,167000,4,1,0,0,3,198,1
661,RL,12384,7,7,1976,TA,793,1935,197900,2,2,1,1,2,255,0
662,RL,46589,8,7,1994,Gd,1629,2448,402000,5,1,1,0,2,208,1
663,RL,13560,6,3,1968,TA,1392,1392,110000,2,3,0,1,1,291,1
664,RL,10012,4,5,1972,TA,1138,1181,137500,4,1,1,0,3,306,1
665,RL,20896,8,5,2005,Gd,2077,2097,423000,1,2,0,1,3,111,0
666,RL,11194,8,5,2000,Gd,1406,1936,230500,1,3,0,0,1,103,1
667,RL,18450,6,5,1965,TA,1021,2380,129000,5,1,1,1,2,412,0
668,RL,8125,6,5,1994,TA,1408,1679,193500,3,2,0,0,1,226,1
669,RL,14175,5,6,1956,TA,1188,1437,168000,5,2,0,0,2,182,0
670,RL,11600,4,5,1922,TA,700,1180,137500,1,1,0,0,1,442,0
671,RL,8633,6,5,2005,Gd,738,1476,173500,1,1,0,0,1,306,0
672,RH,6629,6,6,1925,TA,672,1369,103600,2,3,1,1,1,317,1
673,RL,11250,6,6,1977,Gd,1208,1208,165000,5,1,1,0,3,466,0
674,RL,14442,6,7,1957,TA,1477,1839,257500,2,1,1,1,2,192,0
675,RL,9200,6,6,1965,TA,1136,1136,140000,1,3,1,1,2,407,1
676,RL,2289,6,6,1978,TA,855,1441,148500,4,1,1,0,2,148,0
677,RM,9600,4,2,1900,TA,1095,1774,87000,4,3,1,1,1,147,0
678,RL,9022,5,8,1924,Gd,768,792,109500,3,1,0,0,1,233,1
679,RL,11844,8,5,2008,Gd,2046,2046,372500,4,3,0,0,1,478,1
680,RL,9945,5,5,1961,TA,988,988,128500,5,2,0,1,1,356,1
681,RL,8012,6,5,1980,TA,923,923,143000,1,1,0,1,1,292,0
682,RH,4500,5,5,1932,TA,793,1520,159434,2,1,1,0,1,277,0
683,RL,2887,6,5,1996,TA,1291,1291,173000,2,1,0,0,3,303,0
684,RL,11248,9,5,2002,Gd,1626,1668,285000,3,1,0,1,2,497,1
685,RL,16770,7,5,1998,Gd,1195,1839,221000,2,3,0,1,1,369,0
686,RL,5062,7,5,1984,Gd,1190,2090,207500,2,1,1,0,2,373,1
687,FV,10207,7,6,2007,Gd,874,1761,227875,4,1,0,0,1,210,0
688,FV,5105,7,5,2004,Gd,551,1102,148800,3,3,1,0,3,108,1
689,RL,8089,8,6,2007,Gd,1419,1419,392000,5,1,0,0,2,312,0
690,RL,7577,6,5,2005,Gd,1362,1362,194700,2,1,0,0,1,217,1
691,RM,4426,6,5,2004,Gd,848,848,141000,5,1,1,1,1,167,1
692,RL,21535,10,6,1994,Ex,2444,4316,755000,3,2,0,0,3,336,0
693,RL,26178,7,5,1989,Gd,1210,2519,335000,1,2,1,1,3,326,0
694,RL,5400,5,6,1921,TA,1073,1073,108480,5,3,1,0,2,498,0
695,RM,6120,5,6,1936,TA,927,1539,141500,2,3,1,1,2,459,0
696,RL,13811,6,6,1987,TA,1112,1137,176000,1,2,1,1,3,156,0
697,RM,6000,5,7,1921,TA,616,616,89000,4,2,1,0,1,311,1
698,RL,6420,5,7,1952,TA,980,1148,123500,5,1,1,0,1,412,1
699,RL,8450,5,8,1965,TA,894,894,138500,5,2,0,0,3,432,1
700,FV,4282,7,5,2004,Gd,1391,1391,196000,2,1,0,1,1,301,1
701,RL,14331,8,5,2002,Gd,1800,1800,312500,1,3,0,1,1,430,1
702,RL,9600,7,5,1969,TA,1164,1164,140000,4,1,1,1,1,194,0
703,RL,12438,8,5,2006,Ex,1234,2576,361919,2,2,1,0,2,278,0
704,RM,7630,5,9,1900,TA,360,1812,140000,5,3,1,0,3,381,0
705,RL,8400,7,5,2004,Gd,1473,1484,213000,3,3,0,0,2,367,1
706,RM,5600,4,5,1930,Fa,0,1092,55000,4,3,1,1,1,372,0
707,RL,115149,7,5,1971,TA,1643,1824,302000,2,2,0,1,1,136,1
708,RL,6240,8,5,2006,Gd,1324,1324,254000,4,2,0,0,1,336,1
709,RL,9018,7,5,2007,Gd,728,1456,179540,4,1,0,0,1,485,0
710,RL,7162,5,7,1966,TA,876,904,109900,2,1,1,1,3,146,1
711,RL,4130,3,6,1935,Gd,270,729,52000,1,3,1,1,2,118,0
712,C (all),8712,4,7,1900,TA,859,1178,102776,3,2,0,0,2,367,0
713,RL,4671,8,5,1988,Gd,1228,1228,189000,3,3,1,1,1,300,1
714,RL,9873,4,5,1970,TA,960,960,129000,2,1,0,1,3,401,1
715,RL,13517,6,8,1976,Gd,725,1479,130500,2,1,1,0,1,328,1
716,RL,10140,6,5,1974,TA,1064,1350,165000,3,1,1,1,1,203,0
717,RM,10800,7,8,1890,TA,718,2554,159500,2,3,0,0,1,251,1
718,RL,10000,5,6,1973,TA,1176,1178,157000,4,2,0,1,2,338,0
719,RL,10542,7,5,1993,Gd,1311,2418,341000,4,1,0,1,2,487,1
720,RL,9920,5,6,1969,TA,971,971,128500,1,1,1,0,1,493,1
721,RL,6563,8,5,1985,Gd,1742,1742,275000,5,2,1,1,1,421,0
722,RM,4426,6,5,2004,Gd,848,848,143000,4,3,0,1,2,358,1
723,RL,8120,4,7,1970,TA,864,864,124500,5,3,0,1,2,339,0
724,RL,8172,4,6,1954,TA,941,1470,135000,1,2,0,0,2,197,0
725,RL,13286,9,5,2007,Ex,1698,1698,320000,1,3,1,1,1,438,0
726,RL,6960,4,6,1970,TA,864,864,120500,2,1,0,0,1,248,0
727,RL,21695,6,9,1988,Gd,880,1680,222000,4,1,0,0,2,371,0
728,RL,7314,7,5,2007,Gd,1232,1232,194500,4,2,0,1,1,259,0
729,RL,11475,5,5,1958,TA,1584,1776,110000,4,1,1,0,2,293,0
730,RM,6240,4,5,1925,TA,780,1208,103000,3,3,1,1,3,223,1
731,RL,5389,8,5,1995,Gd,1595,1616,236500,3,1,1,1,1,305,0
732,RL,9590,7,5,2003,Gd,868,1146,187500,2,3,1,1,3,223,0
733,RL,11404,7,5,1998,Gd,1153,2031,222500,4,3,0,0,3,460,0
734,RL,10000,5,6,1961,TA,864,1144,131400,5,3,0,1,2,302,0
735,RL,8978,5,5,1968,TA,948,948,108000,1,2,1,0,1,475,0
736,RM,10800,7,7,1914,TA,880,1768,163000,4,3,1,1,3,192,1
737,RL,8544,3,4,1950,TA,0,1040,93500,4,1,1,0,2,455,0
738,RL,10463,8,5,2005,Gd,893,1801,239900,5,1,0,1,1,312,1
739,RL,10800,5,5,1987,TA,1200,1200,179000,1,1,1,0,2,207,0
740,RL,9313,7,5,2004,Gd,864,1728,190000,4,2,1,1,2,320,0
741,RM,9600,5,7,1910,TA,264,1432,132000,3,2,1,0,1,253,0
742,RL,6768,6,8,1961,TA,912,912,142000,4,1,1,0,3,188,1
743,RL,8450,7,5,2000,TA,1349,1349,179000,3,3,1,1,1,432,1
744,RL,12886,5,6,1963,TA,520,1464,175000,2,3,0,1,2,496,0
745,RL,5395,8,5,1993,Gd,1337,1337,180000,5,2,0,0,1,419,1
746,RL,8963,8,9,1976,Ex,1142,2715,299800,1,2,0,0,3,333,1
747,RL,8795,7,5,2000,Gd,952,2256,236000,2,3,1,1,3,498,1
748,RM,11700,7,7,1880,Gd,1240,2640,265979,4,3,0,0,2,486,1
749,RL,10593,7,5,1996,Gd,1720,1720,260400,4,2,0,0,2,283,1
750,RL,8405,4,3,1945,TA,0,1529,98000,1,3,1,1,1,365,0
751,RM,8800,4,7,1910,TA,576,1140,96500,1,1,1,1,3,310,1
752,RL,7750,7,5,2003,Gd,660,1320,162000,2,1,0,1,3,425,0
753,RL,9236,6,5,1997,TA,1479,1494,217000,5,2,0,0,2,171,1
754,RL,10240,8,5,2005,Gd,1030,2098,275500,2,1,0,1,2,368,0
755,RL,7930,6,8,1969,TA,1026,1026,156000,1,1,1,0,2,153,0
756,FV,3230,6,5,1999,TA,729,1471,172500,5,3,0,0,2,440,1
757,RL,10769,8,5,2007,Gd,866,1768,212000,2,3,1,0,1,167,0
758,RL,11616,6,5,1978,TA,672,1386,158900,5,1,1,0,3,210,0
759,FV,2280,7,5,1999,TA,744,1501,179400,1,2,0,0,3,499,0
760,RL,12257,8,5,1995,Gd,1318,2531,290000,1,3,1,0,1,225,0
761,RL,9100,6,6,1959,TA,864,864,127500,3,3,0,1,2,184,1
762,RM,6911,5,5,1924,TA,1145,1301,100000,1,2,0,1,2,405,0
763,FV,8640,7,5,2009,TA,756,1547,215200,4,1,0,1,3,198,1
764,RL,9430,8,5,1999,Gd,1252,2365,337000,4,1,1,0,2,120,0
765,RL,9549,8,5,1995,Gd,1494,1494,270000,4,2,1,0,3,495,0
766,RL,14587,9,5,2008,Gd,1498,1506,264132,5,2,1,0,2,341,1
767,RL,10421,7,5,1988,TA,980,1714,196500,4,3,1,0,1,316,1
768,RL,12508,6,7,1940,TA,983,1750,160000,2,1,0,0,2,284,1
769,RL,9100,7,5,2004,Gd,1860,1836,216837,2,3,0,1,2,319,1
770,RL,53504,8,5,2003,Ex,1650,3279,538000,4,1,1,0,1,316,1
771,RL,7252,5,5,1982,TA,858,858,134900,4,3,0,0,3,190,0
772,RL,8877,4,5,1951,TA,836,1220,102000,4,1,0,0,2,433,0
773,RL,7819,6,5,1976,TA,1029,1117,107000,1,2,1,0,1,471,1
774,RL,10150,5,5,1958,TA,912,912,114500,4,3,1,0,2,365,0
775,RL,14226,8,5,2006,Gd,1935,1973,395000,5,1,0,0,1,218,0
776,RM,4500,6,5,1998,TA,1204,1204,162000,5,3,1,0,3,427,1
777,RL,11210,7,5,2005,Gd,1614,1614,221500,2,1,0,0,1,410,0
778,RL,13350,5,5,1974,TA,864,894,142500,2,2,1,0,3,121,1
779,RH,8400,5,5,1977,TA,0,2020,144000,2,1,0,1,1,453,1
780,RL,10530,6,5,1977,TA,975,1004,135000,5,2,1,1,3,455,0
781,RL,7875,7,5,1995,TA,1237,1253,176000,4,2,1,0,1,314,1
782,RL,7153,6,5,1992,Gd,761,1603,175900,4,1,1,1,2,401,0
783,RL,16285,7,5,2001,Gd,1413,1430,187100,3,1,0,1,2,393,1
784,RL,9101,5,6,1978,TA,1097,1110,165500,2,2,0,1,2,219,0
785,RM,6300,6,6,1914,TA,742,1484,128000,4,1,0,1,1,207,1
786,RL,9790,6,5,1967,TA,1372,1342,161500,3,3,1,0,2,300,1
787,RM,10800,5,6,1915,TA,686,1652,139000,1,1,1,0,2,428,0
788,RL,10142,7,5,2004,Gd,956,2084,233000,4,1,1,0,1,254,1
789,RM,6000,4,7,1954,TA,901,901,107900,3,2,0,0,3,404,1
790,RL,12205,6,8,1966,TA,832,2087,187500,5,3,0,0,1,148,0
791,RL,3182,7,5,2005,Gd,1145,1145,160200,1,1,0,0,3,287,1
792,RL,11333,6,5,1976,TA,1029,1062,146800,4,2,0,0,3,475,0
793,RL,9920,7,5,1996,Gd,1117,2013,269790,3,2,1,1,3,489,1
794,RL,9158,8,5,2007,Gd,1496,1496,225000,3,3,0,1,2,374,0
795,RL,10832,7,5,1994,Gd,712,1895,194500,5,3,1,0,2,447,0
796,RL,8400,6,6,1980,TA,650,1564,171000,5,3,1,0,3,399,1
797,RL,8197,6,5,1977,TA,660,1285,143500,2,1,1,0,2,222,0
798,RL,7677,5,5,1953,TA,773,773,110000,1,1,1,1,3,404,0
799,RL,13518,9,5,2008,Ex,1926,3140,485000,1,1,0,0,3,261,1
800,RL,7200,5,7,1937,TA,731,1768,175000,2,3,0,1,1,346,0
801,RL,12798,6,5,1997,TA,616,1688,200000,1,3,0,1,1,108,1
802,RM,4800,4,7,1916,TA,1196,1196,109900,3,2,1,1,2,429,0
803,RL,8199,7,5,2005,Gd,728,1456,189000,1,2,0,0,2,387,1
804,RL,13891,9,5,2008,Ex,1734,2822,582933,4,1,0,1,1,483,1
805,RL,9000,5,5,1954,TA,936,1128,118000,5,3,0,0,3,395,0
806,RL,12274,7,5,2008,Gd,1417,1428,227680,4,3,0,1,2,176,0
807,RL,9750,5,5,1967,TA,980,980,135500,2,3,0,0,1,216,0
808,RL,21384,5,6,1923,TA,1324,1576,223500,2,2,1,1,3,465,0
809,RL,13400,5,5,1966,TA,1024,1086,159950,5,2,1,0,2,106,1
810,RM,8100,5,5,1898,TA,849,2138,106000,3,1,0,1,1,440,0
811,RL,10140,6,6,1974,TA,1040,1309,181000,5,2,1,1,1,492,0
812,RM,4438,6,5,2004,Gd,848,848,144500,5,3,1,1,3,106,1
813,C (all),8712,5,5,1952,Fa,540,1044,55993,3,2,0,1,2,214,1
814,RL,9750,6,6,1958,TA,1442,1442,157900,2,3,0,1,2,152,0
815,RL,8248,5,7,1918,TA,686,1250,116000,3,2,1,1,1,407,1
816,RL,12137,7,5,1998,TA,1649,1661,224900,2,2,0,0,1,137,1
817,RL,11425,5,6,1954,TA,1008,1008,137000,2,1,0,1,2,438,0
818,RL,13265,8,5,2002,Gd,1568,1689,271000,3,3,0,0,1,290,0
819,RL,8816,6,7,1971,TA,1010,1052,155000,4,3,1,1,3,125,1
820,RL,6371,7,5,2009,Gd,1358,1358,224000,3,3,0,1,1,261,1
821,RL,7226,7,5,2003,Gd,798,1640,183000,3,3,0,1,3,465,1
822,RM,6000,4,4,1953,Fa,936,936,93000,1,1,1,0,3,154,1
823,RL,12394,7,5,2003,Gd,847,1733,225000,4,3,1,1,1,477,0
824,RL,9900,6,7,1940,TA,778,1489,139500,2,3,0,1,3,379,0
825,FV,11216,8,5,2006,Gd,1489,1489,232600,3,3,1,0,3,202,1
826,RL,14803,10,5,2007,Ex,2078,2084,385000,3,1,0,0,3,159,1
827,RM,6130,5,6,1924,TA,784,784,109500,3,3,0,0,2,341,0
828,RL,8529,7,5,2001,Gd,1454,1434,189000,1,1,0,0,3,482,1
829,RL,28698,5,5,1967,TA,1013,2126,185000,5,2,1,0,3,282,1
830,FV,2544,7,5,2005,Gd,600,1223,147400,5,3,0,1,2,384,1
831,RL,11900,6,5,1957,TA,1392,1392,166000,1,1,0,0,2,109,1
832,FV,3180,7,5,2005,TA,600,1200,151000,1,2,0,0,3,315,0
833,RL,9548,7,6,2003,Gd,941,1829,237000,2,1,0,1,3,278,1
834,RL,10004,6,6,1964,TA,1516,1516,167000,2,2,1,1,3,360,1
835,RL,7875,5,6,1961,TA,1144,1144,139950,5,1,0,0,2,237,0
836,RL,9600,4,7,1950,TA,1067,1067,128000,4,1,0,1,1,292,1
837,RM,8100,5,6,1948,TA,1559,1559,153500,2,2,0,0,3,144,1
838,RM,1680,6,5,1973,TA,483,987,100000,1,1,0,1,2,102,1
839,RL,9525,5,6,1995,TA,1099,1099,144000,5,2,0,1,1,360,0
840,RL,11767,5,6,1946,TA,768,1200,130500,4,1,1,0,2,393,0
841,RH,12155,6,8,1925,TA,672,1482,140000,4,2,0,0,1,434,1
842,RM,10440,5,8,1904,TA,650,1539,157500,3,1,0,1,3,230,1
843,RL,9020,6,7,1966,TA,1127,1165,174900,1,2,0,1,1,379,0
844,RL,8000,5,4,1961,TA,1800,1800,141000,4,2,0,0,3,115,0
845,RM,12665,5,8,1915,TA,876,1416,153900,4,2,1,0,1,329,0
846,RL,16647,5,5,1975,TA,1390,1701,171000,5,1,1,0,2,482,1
847,RL,9317,7,5,1993,Gd,740,1775,213000,2,1,1,0,3,248,1
848,RL,15523,5,6,1972,TA,864,864,133500,1,1,0,1,3,201,1
849,RL,45600,6,8,1908,TA,907,2358,240000,2,2,1,0,3,379,0
850,RL,9600,6,7,1976,Gd,528,1855,187000,1,3,1,1,2,280,0
851,RM,4435,6,5,2003,Gd,848,848,131500,5,3,0,1,1,365,0
852,RL,3196,8,5,2003,Gd,1273,1456,215000,3,2,1,1,3,352,1
853,RL,7128,7,5,1941,TA,918,1646,164000,2,3,1,1,1,422,1
854,RL,12095,6,6,1964,TA,1127,1445,158000,5,1,1,1,3,441,0
855,RL,17920,5,4,1955,TA,1763,1779,170000,3,3,1,1,1,388,1
856,RL,6897,5,8,1962,TA,1040,1040,127000,1,3,0,1,1,447,1
857,RL,10970,6,6,1978,TA,940,1026,147000,5,1,1,1,2,449,0
858,RL,8125,6,5,1994,TA,702,1481,174000,4,3,1,1,3,211,1
859,RL,10400,7,5,1976,TA,1090,1370,152000,5,1,1,1,1,489,1
860,RL,11029,6,7,1968,TA,1054,2654,250000,3,1,0,0,3,145,1
861,RL,7642,7,8,1918,Gd,912,1426,189950,4,1,0,0,2,136,1
862,RL,11625,5,4,1965,TA,1039,1039,131500,4,1,1,1,2,249,1
863,RL,9672,6,5,1984,TA,1040,1097,152000,1,1,1,1,3,481,1
864,RL,7931,5,5,1959,TA,1148,1148,132500,5,3,1,1,3,127,0
865,FV,8640,7,5,2007,Gd,1372,1372,250580,2,2,1,0,2,343,1
866,RL,8750,5,6,1970,TA,1002,1002,148500,4,1,0,0,2,121,1
867,RL,10656,8,5,2006,Gd,1638,1646,248900,3,3,1,1,2,351,1
868,RL,6970,4,5,1961,TA,1040,1120,129000,1,2,0,1,2,303,1
869,RL,14762,5,6,1948,TA,0,2320,169000,1,3,1,0,2,428,1
870,RL,9938,7,5,1993,Gd,1050,1949,236000,3,1,1,1,1,469,1
871,RL,6600,5,5,1962,TA,894,894,109500,3,3,0,1,1,485,1
872,RL,8750,6,5,1998,TA,804,1682,200500,2,2,0,0,1,130,1
873,RL,8892,5,7,1953,Gd,105,910,116000,4,1,0,1,1,317,1
874,RL,12144,5,7,1949,Gd,832,1268,133000,5,1,1,0,1,105,0
875,RM,5720,5,6,1941,TA,676,1131,66500,5,1,0,1,1,410,1
876,FV,9000,8,5,2007,Gd,1184,2610,303477,2,1,1,0,2,321,1
877,RL,25286,4,5,1963,TA,1064,1040,132250,2,3,0,0,1,388,1
878,RL,8834,9,5,2004,Gd,1462,2224,350000,4,1,0,0,1,139,1
879,RL,11782,5,7,1961,TA,1109,1155,148000,3,2,0,0,3,111,0
880,RL,7000,5,8,1978,Gd,864,864,136500,3,1,0,1,2,474,1
881,RL,7024,5,5,2005,TA,1090,1090,157000,5,3,1,0,1,266,0
882,RL,13758,7,5,1990,Gd,1156,1717,187500,1,1,0,0,2,198,1
883,RL,9636,6,5,1992,TA,808,1593,178000,2,3,0,0,1,135,1
884,RL,6204,4,5,1912,Gd,795,2230,118500,3,3,0,1,3,172,0
885,RL,7150,5,5,1967,TA,892,892,100000,4,2,1,1,1,217,1
886,FV,5119,9,5,1999,Gd,1698,1709,328900,3,2,0,1,2,336,1
887,RL,8393,5,5,1959,TA,1626,1712,145000,1,3,1,0,3,374,0
888,RL,16466,5,7,1955,TA,816,1393,135500,4,1,0,1,2,446,1
889,RL,15865,8,6,1970,Gd,2217,2217,268000,4,2,0,1,1,473,0
890,RL,12160,6,4,1953,TA,1505,1505,149500,3,3,1,0,2,142,0
891,RL,8064,5,7,1949,TA,672,924,122900,3,3,1,0,3,293,1
892,RL,11184,6,5,1978,TA,918,1683,172500,5,3,0,0,2,117,0
893,RL,8414,6,8,1963,TA,1059,1068,154500,4,1,0,1,1,244,1
894,RL,13284,5,5,1954,TA,1383,1383,165000,4,3,1,0,1,165,0
895,RL,7018,5,5,1979,TA,0,1535,118858,3,1,1,0,2,157,0
896,RL,7056,6,5,1963,TA,780,1796,140000,2,1,1,0,1,376,1
897,RM,8765,4,6,1936,TA,951,951,106500,5,2,1,1,1,116,0
898,RL,7018,5,5,1979,TA,0,2240,142953,4,3,0,0,3,248,1
899,RL,12919,9,5,2009,Ex,2330,2364,611657,5,1,1,1,1,162,1
900,RL,6993,5,7,1961,TA,912,1236,135000,4,3,0,1,3,187,1
901,RL,7340,4,6,1971,TA,858,858,110000,3,3,1,0,1,131,1
902,RL,8712,5,7,1957,TA,992,1306,153000,4,3,0,0,2,197,1
903,RL,7875,7,5,2003,Gd,783,1509,180000,4,2,1,0,1,438,1
904,RL,14859,7,5,2006,Gd,1670,1670,240000,2,2,1,1,1,408,0
905,RL,6173,5,6,1967,TA,876,902,125500,5,1,0,1,2,234,0
906,RL,9920,5,5,1954,TA,1056,1063,128000,2,3,1,1,2,328,1
907,RL,13501,8,5,2006,Gd,1623,1636,255000,5,2,0,1,2,285,1
908,RL,11500,7,7,1936,Gd,1017,2057,250000,4,2,1,0,1,463,1
909,RL,8885,5,5,1983,TA,864,902,131000,2,2,1,1,2,279,1
910,RL,12589,6,5,2005,Gd,742,1484,174000,2,2,1,1,3,433,0
911,RL,11600,5,5,1960,TA,1105,2274,154300,5,1,1,0,2,430,0
912,RL,9286,5,7,1977,TA,1268,1268,143500,4,1,0,1,1,157,0
913,RM,6120,5,7,1925,TA,768,1015,88000,2,1,0,0,2,179,1
914,RH,6270,5,6,1949,TA,1001,2002,145000,5,1,0,0,2,434,1
915,FV,3000,6,5,2009,Gd,612,1224,173733,4,2,0,1,1,380,1
916,RM,2001,4,5,1970,TA,546,1092,75000,5,1,0,1,1,245,1
917,C (all),9000,2,3,1949,TA,480,480,35311,1,3,0,1,1,125,1
918,RL,17140,4,6,1956,TA,1134,1229,135000,2,2,0,1,3,258,1
919,RL,13125,7,5,1991,Gd,1104,2127,238000,5,2,1,1,2,169,1
920,RL,11029,6,8,1958,Ex,1184,1414,176500,5,2,0,1,1,402,1
921,RL,8462,6,5,1994,Gd,928,1721,201000,4,2,1,0,1,221,1
922,RL,8777,5,7,1900,TA,1272,2200,145900,5,3,1,0,3,465,1
923,RL,10237,6,5,2005,Gd,1316,1316,169990,2,2,1,1,2,397,1
924,RL,8012,6,5,1993,Gd,1604,1617,193000,5,1,0,1,3,332,0
925,RL,10240,6,6,1980,TA,1686,1686,207500,4,2,0,1,1,345,1
926,RL,15611,5,6,1977,TA,1126,1126,175000,3,1,0,1,2,151,0
927,RL,11999,8,5,2003,Gd,1181,2374,285000,5,2,0,0,1,200,1
928,RL,9900,7,5,1968,TA,832,1978,176000,1,1,1,1,3,188,0
929,RL,11838,8,5,2001,Gd,1753,1788,236500,1,1,1,0,1,217,0
930,RL,13006,7,5,1997,TA,964,2236,222000,2,3,1,0,1,182,1
931,RL,8925,8,5,2007,Gd,1466,1466,201000,4,3,1,0,2,358,0
932,RL,9100,5,6,1965,TA,925,925,117500,1,3,1,1,1,182,0
933,RL,11670,9,5,2006,Ex,1905,1905,320000,4,2,1,1,1,210,0
934,RL,8487,7,5,2004,Gd,1500,1500,190000,3,3,1,1,3,239,0
935,RL,27650,7,7,1960,TA,585,2069,242000,5,1,0,1,2,463,1
936,RL,5825,4,5,1926,TA,600,747,79900,5,3,1,1,1,284,0
937,RL,10083,7,5,2003,Gd,1176,1200,184900,1,3,0,0,2,462,1
938,RL,9675,7,5,2005,Gd,1113,1971,253000,4,2,1,0,2,143,1
939,RL,8760,7,5,2006,Gd,1391,1962,239799,1,3,1,1,2,461,0
940,RL,24090,7,7,1940,TA,1032,2403,244400,5,1,1,0,1,481,0
941,RL,12640,6,5,1976,TA,1728,1728,150900,5,3,0,1,2,327,0
942,RL,8755,7,5,1999,Gd,992,2060,214000,5,1,0,0,3,401,0
943,RL,7711,4,3,1977,TA,1440,1440,150000,1,3,0,1,1,277,0
944,RL,25000,5,4,1967,TA,1632,1632,143000,3,1,0,0,2,132,1
945,RL,14375,6,6,1958,TA,819,1344,137500,3,3,1,1,3,433,0
946,RM,8820,5,6,1890,TA,1088,1869,124900,1,2,1,0,1,370,1
947,RL,8163,5,6,1959,TA,1144,1144,143000,1,1,1,0,2,287,1
948,RL,14536,8,5,2002,Gd,1616,1629,270000,4,3,0,0,1,387,0
949,RL,14006,7,5,2002,Gd,936,1776,192500,3,3,0,0,3,158,1
950,RL,9360,6,7,1972,TA,1161,1381,197500,2,2,0,1,3,430,1
951,RL,7200,5,8,1950,TA,864,864,129000,1,3,0,0,1,351,0
952,RH,7800,5,5,1965,TA,828,965,119900,3,1,0,1,1,160,1
953,RL,7200,5,8,1972,TA,768,768,133900,3,3,1,0,3,338,0
954,RL,11075,5,4,1969,TA,784,1968,172000,2,2,0,0,3,332,1
955,RL,9400,6,5,1975,TA,945,980,127500,4,2,1,1,2,355,1
956,RH,7136,6,6,1946,TA,979,1958,145000,4,1,1,0,1,174,1
957,RM,1300,6,6,1980,TA,561,1229,124000,3,3,1,0,1,437,0
958,RL,7420,5,5,1962,TA,1057,1057,132000,3,1,1,0,1,451,0
959,RL,8450,7,5,2003,Gd,1337,1337,185000,2,2,0,1,3,201,0
960,FV,2572,7,5,1999,Gd,696,1416,155000,3,2,0,1,3,261,0
961,RL,7207,5,7,1958,TA,858,858,116500,4,3,0,1,2,448,0
962,RL,12227,6,7,1977,TA,1330,2872,272000,5,2,1,1,3,366,0
963,RL,2308,6,6,1976,TA,804,1548,155000,4,2,0,0,1,267,0
964,RL,11923,9,5,2007,Gd,1800,1800,239000,2,2,1,0,2,325,0
965,RL,11316,7,5,2002,Gd,817,1894,214900,4,2,1,1,1,273,1
966,RL,10237,6,5,2005,Gd,783,1484,178900,1,2,0,0,3,430,1
967,RL,9600,5,7,1940,Gd,728,1308,160000,1,2,1,1,3,389,0
968,RL,7390,5,7,1955,TA,1098,1098,135000,3,1,1,1,2,425,0
969,RM,5925,3,6,1910,TA,600,968,37900,5,1,0,0,3,443,0
970,RL,10382,6,5,1958,TA,588,1095,140000,5,3,1,1,2,245,1
971,RL,10800,4,4,1949,TA,720,1192,135000,4,2,1,0,1,353,1
972,RL,2268,7,5,2003,Gd,764,1626,173000,5,3,0,1,3,216,1
973,RL,7892,6,5,1979,TA,918,918,99500,4,1,0,1,3,257,0
974,FV,11639,7,5,2007,Gd,1428,1428,182000,3,2,0,1,2,202,0
975,RL,11414,7,8,1910,TA,728,2019,167500,4,1,0,0,3,449,1
976,FV,2651,7,5,2000,Gd,673,1382,165000,3,1,0,0,2,300,0
977,RL,5900,4,7,1923,TA,440,869,85500,5,2,1,1,3,407,0
978,FV,4274,7,5,2006,Gd,1241,1241,199900,4,1,1,0,1,148,1
979,RL,9450,4,5,1954,TA,894,894,110000,3,1,0,0,1,195,0
980,RL,8816,5,6,1963,TA,1121,1121,139000,4,1,0,0,1,308,0
981,RL,12122,7,9,1961,Ex,944,999,178400,2,2,0,0,2,343,0
982,RL,12203,8,5,1998,Gd,1225,2612,336000,5,2,1,1,2,227,0
983,RL,3182,7,5,2007,Gd,1266,1266,159895,3,1,1,1,2,399,1
984,RL,11250,8,5,2002,Gd,1128,2290,255900,4,1,0,0,2,378,0
985,RL,10125,5,5,1977,TA,0,1734,126000,1,2,1,1,3,329,0
986,RL,10880,5,5,1950,TA,1164,1164,125000,2,3,0,0,3,247,0
987,RM,5310,6,8,1910,TA,485,1635,117000,4,2,1,1,3,369,0
988,RL,10159,9,5,2009,Ex,1930,1940,395192,3,1,1,0,3,300,1
989,RL,12046,6,6,1976,TA,848,2030,195000,4,1,0,0,1,145,1
990,FV,8125,7,5,2006,Gd,770,1576,197000,4,1,1,0,2,403,0
991,RL,9452,8,5,1997,Gd,1396,2392,348000,2,2,1,0,2,357,1
992,RM,17671,8,9,1882,Gd,916,1742,168000,1,1,1,0,3,222,0
993,RL,9760,6,8,1964,TA,822,1851,187000,3,1,0,1,2,212,0
994,RL,8846,6,5,2005,TA,750,1500,173900,4,2,0,1,3,195,0
995,RL,12456,10,5,2006,Ex,1700,1718,337500,4,1,0,1,2,263,1
996,RL,4712,4,7,1946,TA,747,1230,121600,3,2,0,1,1,320,1
997,RL,10659,5,6,1961,TA,1050,1050,136500,4,1,1,1,2,187,1
998,RL,11717,6,6,1970,TA,1442,1442,185000,3,2,1,0,3,448,1
999,RM,9786,3,4,1922,TA,1007,1077,91000,5,2,1,1,1,339,1
1000,RL,6762,7,5,2006,Gd,1187,1208,206000,5,1,0,1,2,180,0
1001,RL,10206,3,3,1952,TA,0,944,82000,1,1,0,1,2,295,0
1002,RL,5400,5,6,1920,TA,691,691,86000,2,2,0,0,2,362,0
1003,RL,11957,8,5,2006,Gd,1574,1574,232000,4,1,1,0,2,182,1
1004,RL,11500,5,6,1976,TA,1680,1680,136905,4,3,0,1,3,182,1
1005,RL,3182,7,5,2005,Gd,1346,1504,181000,2,2,1,0,3,313,0
1006,RL,8385,5,8,1977,Gd,985,985,149900,2,2,0,0,1,104,1
1007,RL,12155,6,3,1970,TA,1657,1657,163500,1,3,0,1,3,439,0
1008,RM,2217,4,4,1970,TA,546,1092,88000,2,2,1,0,1,458,1
1009,RL,12118,7,5,2004,Gd,1710,1710,240000,3,1,0,0,2,495,0
1010,RL,6000,5,5,1926,TA,1008,1522,102000,4,3,1,1,2,486,1
1011,RL,21286,5,5,1948,TA,720,1271,135000,3,1,1,1,1,372,1
1012,RL,9825,5,5,1965,TA,0,1664,100000,4,1,0,0,3,391,1
1013,RL,10592,6,7,1923,TA,602,1502,165000,3,2,0,0,1,441,1
1014,RM,7200,5,4,1910,TA,1022,1022,85000,5,3,0,1,2,250,1
1015,RL,11664,6,5,1948,TA,1082,1082,119200,1,3,1,1,2,466,1
1016,RL,8400,8,6,2001,Gd,810,1665,227000,2,2,1,0,2,488,1
1017,RL,11883,7,5,1996,Gd,1504,1504,203000,1,1,0,1,1,230,0
1018,RL,5814,8,5,1984,Gd,1220,1360,187500,2,2,0,1,2,235,0
1019,RL,10784,7,5,1991,Gd,384,1472,160000,2,2,1,1,1,427,1
1020,RL,3013,7,5,2005,Gd,1362,1506,213490,4,3,0,0,1,467,0
1021,RL,7024,4,5,2005,TA,1132,1132,176000,1,2,0,0,1,248,0
1022,RL,7406,7,5,2006,Gd,1199,1220,194000,3,3,0,0,2,340,0
1023,RM,9439,5,5,1930,TA,912,1248,87000,1,3,1,0,1,322,1
1024,RL,3182,7,5,2005,Gd,1346,1504,191000,5,2,1,1,1,199,0
1025,RL,15498,8,6,1976,Gd,1565,2898,287000,2,1,1,1,3,449,1
1026,RL,7700,5,5,1972,TA,882,882,112500,2,2,1,1,1,495,1
1027,RL,9300,5,5,1960,TA,1268,1264,167500,1,3,0,0,3,465,0
1028,RL,9520,8,5,2007,Gd,1638,1646,293077,3,1,1,1,3,221,1
1029,RL,9492,5,5,1941,TA,768,1376,105000,5,2,0,1,1,307,0
1030,RM,1680,6,7,1972,TA,672,1218,118000,5,1,1,0,3,487,0
1031,RH,7082,5,8,1916,TA,686,1928,160000,1,2,0,0,3,174,1
1032,RL,15863,7,3,1920,TA,824,3082,197000,2,1,0,0,2,234,1
1033,RL,14541,8,7,1993,Gd,1338,2520,310000,5,3,1,1,3,231,1
1034,RL,8125,7,5,2002,Gd,1654,1654,230000,3,2,1,1,2,280,1
1035,RL,6305,5,7,1938,TA,920,954,119750,4,1,0,1,1,294,1
1036,RL,11500,4,3,1957,TA,0,845,84000,1,2,1,1,2,178,1
1037,RL,12898,9,5,2007,Gd,1620,1620,315500,2,2,0,1,2,480,0
1038,RL,9240,8,5,2001,Gd,1055,2263,287000,1,2,1,0,1,310,0
1039,RM,1533,4,6,1970,TA,546,1344,97000,2,3,1,0,1,121,0
1040,RM,1477,4,4,1970,TA,630,630,80000,4,1,0,0,2,162,1
1041,RL,13125,5,4,1957,TA,1134,1803,155000,5,1,0,0,3,111,1
1042,RL,9130,6,8,1966,TA,800,1632,173000,2,2,0,1,1,267,1
1043,RL,5381,6,5,2005,Gd,1306,1306,196000,1,3,1,1,3,270,1
1044,RL,11839,7,5,1990,TA,1475,2329,262280,3,3,1,0,3,205,1
1045,RL,9600,8,5,1981,Gd,2524,2524,278000,4,2,0,1,2,331,1
1046,RL,13680,3,5,1955,TA,0,1733,139600,5,2,1,0,3,467,1
1047,RL,16056,9,5,2005,Gd,1992,2868,556581,4,3,0,1,1,295,0
1048,RL,9245,5,5,1994,TA,990,990,145000,5,2,1,0,2,239,0
1049,RL,21750,5,4,1960,TA,0,1771,115000,4,3,0,1,3,141,1
1050,RL,11100,4,7,1946,TA,0,930,84900,3,1,1,0,1,229,1
1051,RL,8993,7,5,2007,Gd,1302,1302,176485,1,3,0,0,3,298,1
1052,RL,11175,7,5,2007,Gd,1316,1316,200141,2,1,0,0,1,454,0
1053,RL,9500,6,6,1964,TA,816,1977,165000,4,1,0,0,1,479,0
1054,RL,8562,5,6,1957,TA,1216,1526,144500,1,3,0,0,3,190,1
1055,RL,11367,8,5,2002,Gd,1065,1989,255000,3,2,1,0,1,244,0
1056,RL,11361,6,5,1976,TA,1193,1523,180000,5,3,1,1,2,255,1
1057,RL,7052,7,5,2005,Gd,1364,1364,185850,1,2,0,1,2,338,0
1058,RL,29959,7,6,1994,Gd,973,1850,248000,3,3,0,1,2,480,0
1059,RL,11308,9,5,2008,Ex,1104,2184,335000,5,3,1,1,1,277,0
1060,RL,11275,6,7,1932,TA,854,1991,220000,1,2,0,1,2,173,0
1061,RL,4920,8,5,2001,Gd,1338,1338,213500,5,1,0,1,3,406,1
1062,C (all),18000,3,4,1935,Fa,894,894,81000,5,1,1,1,2,238,1
1063,RM,13600,5,5,1900,TA,662,2337,90000,1,2,1,0,3,132,0
1064,RM,6000,6,6,1925,TA,1103,1103,110500,5,1,0,1,3,473,0
1065,RL,11000,5,6,1966,TA,1154,1154,154000,3,1,0,0,1,414,0
1066,RL,14000,7,5,1996,Gd,1306,2260,328000,3,2,1,0,1,263,1
1067,RL,7837,6,7,1993,Gd,799,1571,178000,4,1,1,0,1,418,1
1068,RL,9760,6,6,1964,TA,780,1611,167900,2,3,0,1,1,309,1
1069,RM,3964,6,4,1973,TA,942,2521,151400,5,2,0,1,1,349,1
1070,RL,9600,5,7,1949,TA,845,893,135000,1,1,1,1,2,223,1
1071,RL,10152,5,5,1956,TA,1048,1048,135000,3,3,0,0,1,254,1
1072,RL,11700,6,6,1968,TA,727,1556,154000,1,3,1,0,1,472,0
1073,RL,7585,5,3,1948,TA,810,1456,91500,3,2,1,1,3,364,0
1074,RL,7950,6,6,1977,TA,690,1426,159500,5,2,0,0,3,439,1
1075,RL,8556,7,5,2006,Gd,1240,1240,194000,5,3,0,0,1,201,0
1076,RL,13125,7,6,1940,TA,800,1740,219500,1,3,1,0,1,125,1
1077,RL,10800,5,8,1936,TA,796,1466,170000,3,1,1,0,2,129,0
1078,RL,15870,5,5,1969,TA,1096,1096,138800,1,2,1,0,1,358,1
1079,RM,4435,6,5,2004,Gd,848,848,155900,1,3,1,1,3,394,0
1080,RL,8775,5,5,1994,TA,990,990,126000,2,3,1,1,1,320,0
1081,RL,11040,6,7,1971,Gd,1258,1258,145000,1,2,1,0,1,275,1
1082,RL,7500,5,5,1963,TA,1040,1040,133000,4,3,1,0,1,300,0
1083,RL,8749,7,5,2002,Gd,1459,1459,192000,1,1,1,0,2,163,0
1084,RL,8800,6,6,1964,TA,1251,1251,160000,1,1,0,0,1,428,0
1085,RL,13031,6,5,1995,TA,691,1498,187500,4,3,0,1,1,106,1
1086,RL,9069,6,6,1992,TA,936,996,147000,2,1,1,0,3,400,1
1087,RM,1974,4,5,1973,TA,546,1092,83500,1,1,1,0,3,175,0
1088,FV,10574,8,5,2005,Gd,1082,1953,252000,2,3,1,0,2,338,1
1089,RM,2522,7,5,2004,Gd,970,1709,137500,4,1,0,0,2,311,0
1090,FV,3316,8,5,2005,Gd,1247,1247,197000,1,1,0,1,1,313,0
1091,RL,8544,3,4,1950,TA,0,1040,92900,1,2,0,0,1,498,1
1092,FV,2160,7,5,1999,Gd,600,1252,160000,1,1,0,1,3,205,0
1093,RL,8400,6,5,1925,TA,1181,1694,136500,4,3,0,0,3,487,0
1094,RL,9230,5,8,1965,TA,864,1200,146000,1,1,1,0,3,422,0
1095,RL,5868,5,7,1956,TA,936,936,129000,4,2,1,0,2,348,1
1096,RL,9317,6,5,2006,Gd,1314,1314,176432,3,1,0,1,3,266,1
1097,RM,6882,6,7,1914,TA,684,1355,127000,3,3,1,1,2,181,1
1098,RL,3696,8,5,1986,Gd,1074,1088,170000,4,3,0,1,3,230,1
1099,RM,6000,4,6,1936,TA,672,1324,128000,3,2,1,0,1,482,1
1100,RL,11880,7,5,1978,TA,1271,1601,157000,1,1,0,1,2,452,0
1101,RL,8400,2,5,1920,TA,290,438,60000,1,3,0,1,3,345,1
1102,RL,9758,5,5,1971,TA,950,950,119500,4,1,0,1,1,444,1
1103,RL,7000,5,7,1960,TA,1010,1134,135000,5,2,1,1,2,311,0
1104,RL,8910,6,6,1959,TA,655,1194,159500,4,1,1,0,3,206,1
1105,RM,2016,5,5,1970,TA,630,1302,106000,4,3,0,0,3,222,0
1106,RL,12256,8,5,1994,Gd,1463,2622,325000,1,2,1,0,1,186,1
1107,RL,10357,7,5,1990,Gd,910,1442,179900,5,3,0,0,1,484,1
1108,RL,23257,7,5,2006,Gd,868,2021,274725,4,2,1,1,1,307,0
1109,RL,8063,6,5,2000,TA,924,1690,181000,5,2,0,0,1,368,0
1110,RL,11362,8,5,2004,Gd,1836,1836,280000,1,3,1,0,3,285,0
1111,RL,8000,6,5,1995,TA,773,1658,188000,5,3,1,1,3,197,1
1112,RL,10480,7,6,1976,TA,803,1964,205000,1,3,0,0,3,435,0
1113,RL,7100,5,7,1957,TA,816,816,129900,1,1,0,1,3,268,1
1114,RL,8923,5,7,1953,TA,1008,1008,134500,5,1,1,1,2,113,0
1115,RL,5400,5,7,1954,TA,833,833,117000,1,1,1,1,2,249,1
1116,RL,12085,8,5,2007,Gd,1734,1734,318000,4,1,1,1,2,438,1
1117,RL,7750,8,5,2002,Gd,408,1419,184100,5,2,1,0,2,337,0
1118,RL,9764,5,7,1967,TA,894,894,130000,3,2,0,0,3,437,0
1119,RL,13825,5,6,1958,TA,533,1601,140000,4,2,1,1,3,212,0
1120,RL,7560,5,5,1959,TA,1040,1040,133700,1,3,0,1,3,410,1
1121,RM,8263,6,5,1920,TA,1012,1012,118400,3,1,0,1,1,432,1
1122,RL,10084,7,5,2005,Gd,1552,1552,212900,2,3,1,0,1,223,1
1123,RL,8926,4,3,1956,TA,672,960,112000,5,2,0,1,3,321,0
1124,RL,9405,5,9,1947,TA,698,698,118000,1,3,1,1,3,483,1
1125,RL,9125,7,5,1992,TA,384,1482,163900,4,1,0,0,1,464,0
1126,RL,10434,4,5,1955,TA,1005,1005,115000,5,2,1,1,2,185,1
1127,RL,3684,7,5,2007,Gd,1373,1555,174000,5,1,1,1,2,468,1
1128,RL,14572,7,5,2004,Gd,1530,1530,259000,3,3,0,0,3,328,0
1129,RL,11796,7,5,2004,Gd,847,1959,215000,1,3,0,1,3,342,0
1130,RM,7200,5,5,1980,TA,936,936,140000,2,3,0,0,1,475,0
1131,RL,7804,4,3,1928,TA,1122,1981,135000,3,2,0,1,2,286,0
1132,RL,10712,5,5,1991,TA,974,974,93500,2,2,0,1,3,142,0
1133,RM,9900,6,4,1880,TA,1008,2210,117500,3,1,0,1,3,276,0
1134,RL,9828,8,5,1995,Gd,1128,2020,239500,1,1,0,0,3,423,1
1135,RL,8773,6,5,1997,TA,916,1600,169000,1,1,1,1,1,290,0
1136,RM,6180,6,5,1926,TA,960,986,102000,5,2,0,0,1,420,0
1137,RL,9600,6,5,1950,TA,1032,1252,119000,1,3,1,0,2,239,0
1138,RL,6342,5,8,1875,TA,780,1020,94000,4,3,0,1,3,266,1
1139,RL,9819,6,5,1977,TA,1567,1567,196000,1,2,1,1,3,310,0
1140,RL,8731,5,5,1920,TA,915,1167,144000,1,3,0,0,2,342,1
1141,RL,7350,5,7,1951,TA,952,952,139000,2,1,0,1,1,124,1
1142,RL,10304,5,7,1976,TA,780,1868,197500,2,2,0,0,1,131,1
1143,RL,9965,8,5,2006,Gd,1466,2828,424870,1,2,0,0,2,451,1
1144,RL,9000,5,3,1959,TA,1006,1006,80000,5,1,0,1,2,240,1
1145,RL,12180,4,4,1941,TA,672,924,80000,1,1,1,1,1,179,0
1146,RM,6240,5,6,1928,TA,1042,1576,149000,5,3,0,0,3,105,0
1147,RL,11200,6,5,1985,Gd,1298,1298,180000,5,1,0,0,3,361,0
1148,RL,12000,7,7,1941,TA,704,1564,174500,4,1,1,1,2,235,0
1149,RM,5700,7,7,1926,TA,572,1111,116900,3,2,0,1,1,329,0
1150,RM,9000,7,9,1920,TA,650,1482,143000,1,1,0,0,1,252,1
1151,RL,8280,6,5,1950,TA,932,932,124000,4,2,0,1,1,254,0
1152,RL,17755,5,4,1959,TA,1466,1466,149900,5,2,0,1,2,142,0
1153,RL,14115,6,7,1956,TA,1073,1811,230000,2,1,1,1,1,140,1
1154,RM,5890,6,8,1930,Gd,816,816,120500,4,3,1,0,2,118,1
1155,RL,13700,7,6,1965,TA,864,1820,201800,3,1,0,1,3,176,0
1156,RL,10768,5,8,1976,Gd,1437,1437,218000,4,2,1,0,1,494,0
1157,RL,9350,5,8,1965,TA,1219,1265,179900,2,1,0,1,3,497,0
1158,RL,5001,7,5,2007,Gd,1314,1314,230000,1,1,1,1,3,121,1
1159,RL,11932,8,5,2007,Gd,1580,1580,235128,3,3,1,1,1,109,0
1160,RL,9120,6,6,1974,Gd,901,1876,185000,1,3,0,1,1,119,0
1161,RL,2280,6,5,1978,TA,855,1456,146000,5,1,0,0,3,229,1
1162,RL,14778,6,7,1954,Gd,1296,1640,224000,2,3,0,0,3,297,0
1163,RL,8724,5,5,1968,TA,894,894,129000,2,1,0,1,3,347,1
1164,RL,12900,4,4,1969,TA,1198,1258,108959,3,2,0,0,2,423,0
1165,RL,16157,5,7,1978,TA,1360,1432,194000,2,2,0,1,2,445,1
1166,RL,9541,7,5,2009,Gd,1502,1502,233170,2,2,0,1,1,176,0
1167,RL,10475,8,5,2008,Gd,1694,1694,245350,2,2,0,0,1,469,1
1168,RL,10852,6,5,2000,TA,959,1671,173000,1,2,0,0,1,317,0
1169,RL,13728,6,7,1935,TA,1127,2108,235000,1,1,1,0,1,208,1
1170,RL,35760,10,5,1995,Gd,1930,3627,625000,1,3,1,1,2,242,0
1171,RL,9880,6,6,1977,TA,1096,1118,171000,4,3,0,1,1,474,0
1172,RL,9120,6,6,1958,TA,1261,1261,163000,4,2,0,0,1,224,0
1173,FV,4017,7,5,2006,Gd,625,1250,171900,3,3,1,0,1,344,0
1174,RL,18030,5,6,1946,TA,1598,3086,200500,2,1,1,0,1,215,1
1175,RL,16560,6,8,1932,TA,952,2345,239000,1,2,0,1,3,408,1
1176,RL,10678,8,5,1992,Gd,1683,2872,285000,1,3,0,1,3,458,0
1177,RL,6951,5,5,1984,TA,876,923,119500,2,3,1,0,2,304,1
1178,RM,3950,6,8,1926,TA,818,1224,115000,2,3,0,1,1,127,0
1179,RL,7681,5,6,1921,TA,731,1343,154900,5,1,1,1,2,287,1
1180,RL,8335,5,5,1954,TA,0,1124,93000,3,2,1,0,1,218,1
1181,RL,11170,7,5,1990,TA,1216,2514,250000,4,1,1,0,3,217,1
1182,RM,5587,8,5,2008,Ex,1600,1652,392500,3,2,0,1,2,275,0
1183,RL,15623,10,5,1996,Gd,2396,4476,745000,5,3,0,0,1,361,0
1184,RL,10800,5,6,1920,TA,1120,1130,120000,3,2,0,0,2,354,0
1185,RL,35133,5,4,1963,TA,1572,1572,186700,1,2,1,0,1,173,0
1186,RL,9738,5,7,1924,TA,784,1221,104900,4,2,1,1,1,432,1
1187,RL,10615,3,5,1900,TA,978,1699,95000,1,3,0,1,3,296,0
1188,RL,12461,8,5,1994,Gd,1624,1624,262000,4,1,0,1,1,320,0
1189,RL,8935,7,5,2002,Gd,831,1660,195000,1,2,1,1,3,356,1
1190,RL,7500,7,5,1999,TA,994,1804,189000,3,3,1,0,1,326,0
1191,RL,32463,4,4,1961,TA,1249,1622,168000,2,3,1,1,2,208,1
1192,FV,2645,8,5,1999,Gd,776,1441,174000,1,3,1,1,3,487,0
1193,RM,9600,5,8,1925,TA,702,1472,125000,5,2,1,1,3,364,1
1194,RM,4500,6,5,1999,TA,1224,1224,165000,3,3,1,1,2,298,1
1195,RL,9364,6,7,1969,TA,663,1352,158000,2,3,0,0,3,402,1
1196,RL,8029,6,5,2005,TA,728,1456,176000,2,2,0,0,3,433,1
1197,RL,14054,7,5,2006,Gd,879,1863,219210,4,1,0,0,3,390,0
1198,RM,8850,7,6,1916,TA,815,1690,144000,5,2,1,0,2,151,1
1199,RL,9100,7,5,2001,Gd,1212,1212,178000,4,2,1,1,1,155,0
1200,RL,11235,4,5,1963,TA,1051,1382,148000,2,1,1,0,3,251,1
1201,RL,9353,4,5,1970,TA,864,864,116050,5,3,1,0,2,491,1
1202,RL,10400,7,5,1998,TA,866,1779,197900,3,2,0,1,1,366,0
1203,RM,6000,5,8,1925,TA,884,1348,117000,5,2,1,1,3,117,0
1204,RL,9750,7,5,2000,Gd,1630,1630,213000,3,1,0,1,1,397,0
1205,RL,10140,5,6,1975,TA,1056,1074,153500,5,2,1,1,3,341,1
1206,RL,14684,7,7,1990,Gd,2158,2196,271900,4,1,0,0,1,443,0
1207,RH,8900,4,4,1966,TA,1056,1056,107000,1,3,1,0,3,223,0
1208,RL,9135,6,5,2003,Gd,1682,1700,200000,4,2,0,0,3,254,1
1209,RL,7763,5,7,1962,TA,931,1283,140000,1,2,0,1,1,204,0
1210,RL,10182,8,5,2006,Gd,1660,1660,290000,2,2,1,1,1,121,0
1211,RL,11218,6,5,1992,Gd,1055,1845,189000,4,2,0,0,2,329,0
1212,RL,12134,8,7,1988,Gd,559,1752,164000,4,1,0,0,1,449,0
1213,RL,9340,4,6,1941,TA,672,672,113000,4,2,1,1,3,436,1
1214,RL,10246,4,9,1965,TA,648,960,145000,5,2,1,1,2,247,1
1215,RL,10205,5,5,1962,TA,925,999,134500,4,2,0,0,2,138,1
1216,RL,7094,5,5,1966,TA,894,894,125000,2,2,1,1,2,339,0
1217,RM,8930,6,5,1978,TA,0,1902,112000,1,1,0,1,1,106,1
1218,FV,8640,8,5,2009,Gd,1300,1314,229456,5,2,0,1,2,189,0
1219,RM,6240,4,5,1947,TA,0,912,80500,5,3,1,1,3,111,0
1220,RM,1680,6,5,1971,TA,672,1218,91500,4,3,1,0,3,242,1
1221,RL,7800,5,5,1964,TA,912,912,115000,4,2,0,1,3,402,0
1222,RL,8250,5,5,1968,TA,952,1211,134000,1,1,1,0,1,276,1
1223,RL,10496,6,6,1949,TA,1040,1846,143000,4,1,1,0,2,443,0
1224,RL,10680,5,3,1951,TA,2136,2136,137900,4,1,0,1,1,364,0
1225,RL,15384,7,5,2004,Gd,788,1490,184000,1,2,0,1,2,193,1
1226,RL,10482,6,8,1958,TA,588,1138,145000,1,2,1,0,1,462,0
1227,RL,14598,6,5,2007,Gd,894,1933,214000,1,3,0,0,1,301,1
1228,RL,8872,5,8,1965,TA,912,912,147000,1,1,1,1,3,287,0
1229,RL,8769,9,5,2008,Ex,1702,1702,367294,2,1,0,0,3,493,1
1230,RL,7910,5,5,1960,TA,1075,1507,127000,3,2,1,0,3,461,0
1231,RL,18890,5,5,1977,TA,1361,2620,190000,2,2,0,0,3,428,0
1232,RL,7728,5,6,1962,TA,1106,1190,132500,5,2,0,0,2,316,0
1233,RL,9842,4,5,1962,TA,0,1224,101800,3,1,1,0,3,296,0
1234,RL,12160,5,5,1959,TA,1188,1188,142000,3,3,0,0,2,460,1
1235,RH,8525,5,6,1911,TA,940,1964,130000,4,1,1,1,1,132,0
1236,RL,13132,5,5,1914,TA,747,1784,138887,5,1,1,0,2,466,0
1237,RL,2628,7,5,2003,Gd,764,1626,175500,1,2,1,0,2,297,1
1238,RL,12393,7,5,2004,Gd,847,1948,195000,2,3,1,1,3,308,0
1239,RL,13072,6,5,2005,Gd,1141,1141,142500,4,3,1,1,3,196,0
1240,RL,9037,8,5,2006,Gd,1476,1484,265900,4,1,1,0,1,158,0
1241,RL,8158,7,5,2003,Gd,884,1768,224900,4,3,0,1,2,291,1
1242,RL,9849,7,6,2007,Gd,1689,1689,248328,2,1,1,0,3,368,1
1243,RL,10625,7,6,1974,TA,1053,1173,170000,4,2,0,1,1,254,1
1244,RL,13891,10,5,2006,Ex,2076,2076,465000,4,1,1,1,1,458,0
1245,RL,11435,8,7,1929,TA,792,1517,230000,3,2,0,0,3,280,1
1246,RL,12090,6,7,1984,TA,585,1868,178000,5,3,1,1,2,107,1
1247,FV,8125,7,5,2005,Gd,756,1553,186500,1,2,0,1,2,498,1
1248,RL,12328,6,5,1976,TA,1012,1034,169900,2,2,0,1,2,466,1
1249,RM,9600,6,5,1917,TA,735,2058,129500,4,2,0,0,1,479,1
1250,RL,7200,5,7,1950,TA,876,988,119000,4,3,1,1,2,276,1
1251,RL,11160,7,5,1968,Gd,2110,2110,244000,1,3,1,0,1,390,1
1252,RL,3136,7,5,2003,Gd,1405,1405,171750,3,1,1,1,2,179,1
1253,RL,9858,5,6,1968,TA,864,874,130000,2,3,0,0,3,406,1
1254,RL,17542,7,7,1974,Gd,1192,2167,294000,4,3,0,1,2,163,1
1255,RL,6931,7,5,2003,Gd,746,1656,165400,3,3,0,0,1,156,1
1256,RM,6240,6,6,1931,TA,884,1367,127500,1,3,0,0,3,294,1
1257,RL,14303,8,5,1994,Gd,1986,1987,301500,1,3,0,1,3,382,0
1258,RL,4060,5,8,1922,TA,864,864,99900,5,2,0,1,2,495,1
1259,RL,9587,7,5,2005,Gd,856,1166,190000,2,1,1,0,1,246,1
1260,RL,9750,6,8,1969,TA,1054,1054,151000,2,1,0,0,2,109,0
1261,RL,24682,6,5,1999,TA,841,1675,181000,3,3,1,1,2,371,1
1262,RL,9600,5,6,1956,TA,1050,1050,128900,3,1,1,0,2,433,1
1263,RL,11250,4,5,1957,TA,1104,1788,161500,1,3,1,1,2,428,0
1264,RL,13515,6,6,1919,TA,764,1824,180500,3,2,1,1,1,440,0
1265,RH,4060,6,5,1998,Gd,1405,1337,181000,1,2,0,1,1,469,0
1266,FV,3735,7,5,1999,Gd,691,1452,183900,2,2,0,0,3,349,0
1267,RM,10120,7,4,1910,Fa,925,1889,122000,2,2,1,0,2,138,0
1268,RL,13214,9,5,2008,Ex,2002,2018,378500,1,1,0,0,3,274,1
1269,RL,14100,8,9,1935,TA,728,3447,381000,3,2,1,1,1,316,1
1270,RL,11344,5,5,1958,TA,874,1524,144000,3,1,1,0,2,285,1
1271,RL,23595,7,6,1979,Gd,1332,1524,260000,3,2,1,1,2,210,1
1272,RL,9156,6,7,1968,TA,1489,1489,185750,4,2,0,0,3,204,0
1273,RL,13526,5,6,1965,TA,935,935,137000,5,1,0,1,3,136,1
1274,RL,11512,6,7,1959,TA,1019,1357,177000,5,3,1,1,1,394,0
1275,RL,5362,5,6,1910,TA,661,1250,139000,2,2,0,0,2,193,1
1276,RL,11345,5,5,1948,TA,928,1920,137000,4,1,1,0,1,285,0
1277,RL,12936,6,6,1972,TA,723,1395,162000,4,2,0,0,2,407,0
1278,RL,17871,6,5,1967,TA,1680,1724,197900,2,3,0,1,1,317,1
1279,RL,9473,8,5,2002,Gd,1128,2031,237000,5,3,1,0,2,470,0
1280,C (all),7500,4,4,1920,TA,698,1128,68400,4,3,1,0,1,138,1
1281,RL,9808,7,5,2002,Gd,1573,1573,227000,5,3,0,1,2,472,1
1282,RL,8049,7,5,1990,TA,1309,1339,180000,3,3,0,0,3,144,1
1283,RL,8800,5,7,1977,TA,1040,1040,150500,4,3,0,0,2,325,0
1284,RL,9400,6,5,1971,TA,912,1824,139000,5,1,0,1,3,476,1
1285,RL,9638,6,7,1919,TA,804,2447,169000,1,3,0,0,2,124,1
1286,RM,6000,6,6,1939,TA,780,1412,132500,4,1,0,1,1,202,0
1287,RL,9790,6,5,1963,TA,1328,1328,143000,3,1,0,0,3,356,0
1288,RL,36500,5,5,1964,TA,1624,1582,190000,5,3,1,1,3,235,0
1289,RL,5664,8,5,2000,Gd,1501,1659,278000,3,3,1,0,3,445,0
1290,RL,11065,8,5,2006,Gd,1085,1970,281000,5,2,0,0,1,218,0
1291,RL,14112,5,7,1964,TA,1152,1152,180500,5,3,0,0,3,312,0
1292,RM,1680,5,7,1972,TA,630,1302,119500,1,1,1,1,1,355,1
1293,RM,6600,5,4,1892,TA,994,2372,107500,3,2,0,1,2,238,1
1294,RL,10140,7,5,1976,TA,832,1664,162900,5,2,0,0,3,123,1
1295,RL,8172,5,7,1955,TA,864,864,115000,1,2,1,0,3,120,0
1296,RL,8400,5,5,1968,TA,1052,1052,138500,3,2,0,1,1,216,1
1297,RL,8700,5,6,1963,TA,1120,1128,155000,4,2,1,1,1,317,0
1298,RM,3675,6,5,2005,TA,547,1072,140000,3,2,1,0,1,191,0
1299,RL,63887,10,5,2008,Ex,6110,5642,160000,5,1,0,0,3,362,1
1300,RL,7500,5,7,1959,TA,1246,1246,154000,3,2,0,0,2,152,1
1301,RL,10762,7,5,1999,Gd,978,1983,225000,4,3,0,0,3,310,1
1302,RL,7500,6,7,1942,TA,771,1494,177500,1,3,0,0,1,192,0
1303,RL,10120,8,5,1994,Gd,1165,2526,290000,5,3,1,0,3,279,1
1304,RL,8688,7,5,2005,Gd,1616,1616,232000,3,1,0,0,3,254,0
1305,RM,3363,7,5,2004,Gd,976,1708,130000,1,2,0,0,1,296,1
1306,RL,13173,9,5,2006,Gd,1652,1652,325000,5,1,1,0,1,313,1
1307,RL,6955,7,5,2005,Gd,1368,1368,202500,2,3,1,0,3,356,1
1308,RL,8072,5,5,1994,TA,990,990,138000,4,3,1,1,1,439,0
1309,RM,12000,5,7,1948,TA,924,1122,147000,4,1,0,1,3,100,1
1310,RL,7153,6,5,1991,TA,1278,1294,179200,1,2,0,0,1,270,1
1311,RL,17500,7,8,1959,Gd,1902,1902,335000,5,3,1,1,1,468,1
1312,RL,8814,7,5,2005,Gd,1274,1274,203000,4,3,1,1,1,150,1
1313,RL,9572,8,5,1990,Gd,1453,2810,302000,1,2,1,0,2,427,0
1314,RL,14774,9,5,1999,Gd,1393,2599,333168,4,3,0,1,2,321,1
1315,RL,8190,4,6,1954,TA,948,948,119000,4,3,1,0,3,164,1
1316,RL,11075,6,5,1969,TA,952,2112,206900,1,1,0,1,2,101,1
1317,RL,10226,8,5,2008,Gd,1622,1630,295493,1,1,0,1,2,410,1
1318,FV,4230,7,5,2006,Gd,1352,1352,208900,2,2,0,0,2,336,1
1319,RL,14781,8,5,2001,Gd,1753,1787,275000,5,3,1,0,1,435,0
1320,RL,10215,4,5,1954,TA,864,948,111000,1,3,1,0,1,300,1
1321,RL,8400,6,3,1957,TA,1478,1478,156500,4,2,1,0,2,311,0
1322,RL,6627,3,6,1949,TA,0,720,72500,2,3,0,0,1,352,1
1323,RL,10186,7,5,1992,Gd,750,1923,190000,2,3,1,0,3,124,0
1324,RL,5330,4,7,1940,Fa,420,708,82500,3,1,1,0,3,197,0
1325,RL,9986,8,5,2006,Gd,1795,1795,147000,4,3,1,1,2,394,1
1326,RM,3636,4,4,1922,TA,796,796,55000,3,1,0,1,2,469,0
1327,RH,4270,3,6,1931,TA,544,774,79000,2,3,1,1,2,124,1
1328,RL,6600,5,9,1982,Gd,816,816,130500,2,3,0,1,1,191,0
1329,RM,10440,6,7,1920,Gd,1510,2792,256000,1,3,1,1,3,188,0
1330,RL,9084,7,5,1998,TA,935,1632,176500,4,3,0,0,1,180,1
1331,RL,10000,8,5,2006,Gd,1588,1588,227000,3,3,0,0,1,452,1
1332,RL,10780,5,5,1976,TA,911,954,132500,4,1,0,0,2,249,1
1333,RL,8877,4,6,1938,TA,816,816,100000,4,2,1,0,2,439,0
1334,RM,7200,5,6,1938,TA,803,1360,125500,5,2,0,0,3,462,0
1335,RM,2368,5,6,1970,TA,765,1365,125000,5,2,1,0,1,261,1
1336,RL,9650,6,5,1977,TA,1350,1334,167900,3,1,0,1,1,182,1
1337,RL,9246,5,5,1973,TA,1656,1656,135000,3,2,1,1,3,434,1
1338,RM,4118,4,4,1941,TA,693,693,52500,5,1,1,0,3,455,0
1339,RL,13450,7,5,2002,Gd,916,1861,200000,5,1,0,1,2,127,0
1340,RL,9560,5,7,1972,TA,864,864,128500,2,3,1,1,2,147,1
1341,RL,8294,4,5,1971,TA,858,872,123000,3,1,1,0,1,459,1
1342,RL,13695,6,5,2003,TA,1114,1114,155000,4,2,1,1,3,255,1
1343,RL,9375,8,5,2002,Gd,1284,2169,228500,1,3,0,1,3,187,0
1344,RL,7558,6,6,1928,TA,896,1913,177000,1,1,0,1,2,160,1
1345,RL,11103,7,5,2006,Gd,728,1456,155835,2,3,1,0,3,242,1
1346,RM,6000,4,4,1920,TA,960,960,108500,3,2,0,0,3,239,1
1347,RL,20781,7,7,1968,TA,1568,2156,262500,5,3,0,0,2,190,0
1348,RL,15306,8,5,2006,Gd,1732,1776,283463,4,2,1,0,1,189,0
1349,RL,16196,7,5,1998,Gd,1482,1494,215000,1,2,0,0,1,168,0
1350,RM,5250,8,5,1872,TA,684,2358,122000,3,2,0,0,1,142,1
1351,RL,11643,5,5,1969,TA,1248,2634,200000,2,1,0,1,1,346,0
1352,RL,9247,6,6,1962,TA,858,1716,171000,5,1,0,1,2,323,1
1353,RM,6000,6,9,1937,Gd,698,1176,134900,5,2,0,1,3,403,1
1354,RL,14720,8,5,1995,Gd,2033,3238,410000,3,3,1,0,2,244,0
1355,RL,10316,7,5,2000,Gd,992,1865,235000,3,3,0,0,3,438,0
1356,RL,10192,7,6,1968,TA,570,1920,170000,4,2,0,0,1,451,1
1357,RL,9477,5,5,1966,TA,864,892,110000,1,2,0,1,2,478,0
1358,RL,12537,5,6,1971,TA,1078,1078,149900,5,2,0,1,1,260,0
1359,FV,2117,6,5,2000,Gd,756,1573,177500,3,3,1,1,3,219,1
1360,RL,16737,9,5,2004,Gd,1980,1980,315000,5,2,0,0,1,313,0
1361,RL,9842,5,6,1921,TA,612,2601,189000,3,1,0,0,3,348,1
1362,RL,16158,7,5,2005,Gd,1530,1530,260000,3,3,0,1,1,490,0
1363,RL,12513,4,4,1920,TA,715,1738,104900,5,3,1,1,3,150,0
1364,RL,8499,6,5,2006,TA,616,1412,156932,3,1,0,0,2,419,1
1365,FV,3180,7,5,2005,Gd,600,1200,144152,3,3,1,0,3,442,1
1366,FV,7500,7,5,2000,Gd,814,1674,216000,2,3,0,1,1,129,1
1367,RL,9179,7,5,1999,Gd,873,1790,193000,3,3,0,0,1,476,1
1368,RM,2665,5,6,1977,TA,757,1475,127000,2,3,0,0,1,207,1
1369,RM,4435,6,5,2003,Gd,848,848,144000,5,2,0,0,3,269,1
1370,RL,10635,8,5,2003,Gd,1657,1668,232000,3,1,1,0,1,239,0
1371,RL,5400,4,6,1920,Fa,840,1374,105000,2,1,1,1,1,269,1
1372,RL,9600,6,6,1955,TA,992,1661,165500,4,1,1,1,2,265,1
1373,RL,9750,7,6,1998,TA,1108,2097,274300,5,1,1,1,3,394,1
1374,RL,11400,10,5,2001,Ex,2633,2633,466500,3,2,1,1,3,292,1
1375,FV,10625,7,5,2005,Gd,1026,1958,250000,3,2,1,1,3,429,1
1376,RL,10991,8,5,2007,Gd,1571,1571,239000,4,3,0,1,1,393,1
1377,RL,6292,6,5,1930,TA,768,790,91000,2,1,1,1,3,326,1
1378,RL,10998,5,5,1941,TA,984,1604,117000,4,1,0,0,3,401,0
1379,RM,1953,6,5,1973,TA,483,987,83000,4,3,1,1,3,349,0
1380,RL,9735,5,5,2006,TA,384,1394,167500,5,1,0,1,2,359,1
1381,RL,8212,3,3,1914,TA,864,864,58500,4,3,1,1,3,116,1
1382,RL,12925,6,7,1970,TA,1205,2117,237500,1,2,0,0,1,312,1
1383,RM,7200,7,7,1920,TA,596,1762,157000,1,1,1,1,3,212,1
1384,RL,25339,5,7,1918,TA,816,1416,112000,1,3,1,0,3,292,0
1385,RL,9060,6,5,1939,TA,560,1258,105000,5,1,0,1,3,216,1
1386,RM,5436,4,8,1922,TA,796,1154,125500,4,3,1,0,3,180,0
1387,RL,16692,7,5,1978,TA,1392,2784,250000,5,1,1,0,2,150,1
1388,RM,8520,6,7,1916,TA,714,2526,136000,5,2,1,0,3,238,0
1389,RL,14892,9,5,2006,Ex,1746,1746,377500,2,3,1,0,3,278,1
1390,RM,6000,6,6,1941,TA,735,1218,131000,5,3,1,1,1,411,1
1391,RL,9100,7,5,2000,Gd,1525,1525,235000,3,3,1,1,3,416,0
1392,RL,8944,5,5,1967,TA,1584,1584,124000,2,3,0,1,1,375,1
1393,RL,7838,5,5,1967,TA,864,900,123000,2,2,0,0,3,215,1
1394,RM,10800,6,7,1905,TA,482,1912,163000,3,2,0,0,1,387,0
1395,RL,4045,7,5,2006,Gd,1356,1500,246578,2,2,1,1,3,389,1
1396,RL,12665,8,5,2005,Gd,1094,2482,281213,1,3,0,0,1,154,1
1397,RL,57200,5,5,1948,TA,747,1687,160000,5,2,1,0,1,487,0
1398,RM,6120,5,8,1920,TA,939,1513,137500,2,3,1,1,2,448,0
1399,RL,7200,5,4,1950,TA,1208,1904,138000,2,1,0,1,2,408,0
1400,RL,6171,6,6,1925,TA,976,1608,137450,1,3,0,1,3,207,1
1401,RM,6000,6,7,1929,TA,862,1158,120000,4,3,1,1,2,214,1
1402,RL,7415,6,5,2004,TA,839,1593,193000,1,3,1,1,3,104,0
1403,RL,6762,7,5,2006,Gd,1286,1294,193879,4,2,1,0,3,266,1
1404,RL,15256,8,5,2007,Gd,1485,1464,282922,2,3,1,1,2,354,0
1405,RL,10410,3,4,1915,TA,672,1214,105000,3,1,0,0,3,408,1
1406,RM,3842,8,5,2004,Gd,1594,1646,275000,4,2,1,0,1,154,0
1407,RL,8445,5,7,1972,TA,768,768,133000,3,3,0,1,3,371,1
1408,RL,8780,5,5,1985,TA,833,833,112000,1,1,1,0,2,195,1
1409,RM,7740,4,7,1910,TA,622,1363,125500,2,1,0,0,1,430,0
1410,RL,20544,7,6,1986,TA,791,2093,215000,5,1,0,0,2,248,1
1411,RL,12420,7,5,2001,Gd,944,1840,230000,5,3,1,1,1,291,1
1412,RL,9600,6,8,1950,TA,856,1668,140000,4,1,1,1,2,105,0
1413,RL,7200,4,5,1949,TA,0,1040,90000,5,2,0,1,3,153,0
1414,RL,10994,8,5,2005,Gd,1844,1844,257000,5,1,0,1,2,345,1
1415,RL,13053,6,7,1923,TA,833,1848,207000,3,2,1,1,3,351,1
1416,RL,3635,7,5,2007,Gd,1386,1569,175900,5,3,0,1,2,214,1
1417,RM,11340,4,6,1885,TA,777,2290,122500,2,1,1,1,2,395,1
1418,RL,16545,8,5,1998,Gd,1284,2450,340000,2,2,0,1,1,363,0
1419,RL,9204,5,5,1963,TA,1144,1144,124000,5,1,0,0,2,347,0
1420,RL,16381,6,5,1969,Gd,1844,1844,223000,2,3,1,1,3,197,1
1421,RL,11700,6,6,1968,TA,708,1416,179900,1,2,1,0,2,108,0
1422,RL,4043,6,5,1977,TA,1069,1069,127500,1,2,0,1,1,304,0
1423,RM,4435,6,5,2003,Gd,848,848,136500,1,1,0,1,1,210,1
1424,RL,19690,6,7,1966,Gd,697,2201,274970,4,3,1,1,3,321,1
1425,RL,9503,5,5,1958,TA,1024,1344,144000,5,2,1,0,3,132,0
1426,RL,10721,6,6,1959,Gd,1252,1252,142000,1,2,1,1,3,186,1
1427,RL,10944,7,5,1994,Gd,1223,2127,271000,4,3,0,1,3,264,1
1428,RL,10930,5,6,1945,TA,913,1558,140000,4,2,1,0,2,369,0
1429,RM,7200,5,7,1940,TA,788,804,119000,5,3,0,1,1,335,1
1430,RL,12546,6,7,1981,Gd,1440,1440,182900,4,3,0,0,2,436,0
1431,RL,21930,5,5,2005,Gd,732,1838,192140,3,1,0,0,1,139,0
1432,RL,4928,6,6,1976,TA,958,958,143750,4,3,1,1,2,113,0
1433,RL,10800,4,6,1927,TA,656,968,64500,5,3,0,1,1,159,0
1434,RL,10261,6,5,2000,TA,936,1792,186500,4,3,0,1,1,263,1
1435,RL,17400,5,5,1977,TA,1126,1126,160000,4,3,0,1,2,478,1
1436,RL,8400,6,9,1962,Gd,1319,1537,174000,5,3,0,0,1,418,1
1437,RL,9000,4,6,1971,TA,864,864,120500,5,3,1,0,3,142,0
1438,RL,12444,8,5,2008,Ex,1932,1932,394617,5,1,0,1,3,304,1
1439,RM,7407,6,7,1957,TA,912,1236,149700,1,2,1,1,1,353,0
1440,RL,11584,7,6,1979,TA,539,1725,197000,4,1,0,0,2,409,1
1441,RL,11526,6,7,1922,TA,588,2555,191000,2,3,1,1,1,394,1
1442,RM,4426,6,5,2004,Gd,848,848,149300,3,2,1,1,1,142,0
1443,FV,11003,10,5,2008,Ex,1017,2007,310000,4,2,0,0,3,394,0
1444,RL,8854,6,6,1916,TA,952,952,121000,1,1,0,0,2,443,1
1445,RL,8500,7,5,2004,Gd,1422,1422,179600,4,3,1,0,3,345,1
1446,RL,8400,6,5,1966,TA,814,913,129000,3,2,1,0,3,340,0
1447,RL,26142,5,7,1962,TA,1188,1188,157900,5,2,0,1,1,266,0
1448,RL,10000,8,5,1995,Gd,1220,2090,240000,5,1,0,0,3,495,0
1449,RL,11767,4,7,1910,TA,560,1346,112000,1,3,1,0,2,140,1
1450,RM,1533,5,7,1970,TA,630,630,92000,1,2,0,0,3,494,0
1451,RL,9000,5,5,1974,TA,896,1792,136000,2,3,1,1,1,129,1
1452,RL,9262,8,5,2008,Gd,1573,1578,287090,4,3,0,1,2,265,0
1453,RM,3675,5,5,2005,TA,547,1072,145000,1,2,0,0,1,103,1
1454,RL,17217,5,5,2006,TA,1140,1140,84500,5,2,1,1,1,271,0
1455,FV,7500,7,5,2004,Gd,1221,1221,185000,4,3,0,0,1,438,1
1456,RL,7917,6,5,1999,TA,953,1647,175000,2,3,0,1,1,185,1
1457,RL,13175,6,6,1978,TA,1542,2073,210000,2,1,1,0,1,431,1
1458,RL,9042,7,9,1941,Ex,1152,2340,266500,3,1,1,1,3,383,0
1459,RL,9717,5,6,1950,TA,1078,1078,142125,2,3,0,1,3,115,0
1460,RL,9937,5,6,1965,Gd,1256,1256,147500,3,3,1,1,1,428,1
